"STATION","NAME","LATITUDE","LONGITUDE","ELEVATION","DATE","AWND","AWND_ATTRIBUTES","DAPR","DAPR_ATTRIBUTES","MDPR","MDPR_ATTRIBUTES","PGTM","PGTM_ATTRIBUTES","PRCP","PRCP_ATTRIBUTES","SNOW","SNOW_ATTRIBUTES","SNWD","SNWD_ATTRIBUTES","TAVG","TAVG_ATTRIBUTES","TMAX","TMAX_ATTRIBUTES","TMIN","TMIN_ATTRIBUTES","WDF2","WDF2_ATTRIBUTES","WDF5","WDF5_ATTRIBUTES","WSF2","WSF2_ATTRIBUTES","WSF5","WSF5_ATTRIBUTES"
"USW00014764","PORTLAND JETPORT, ME US","43.64244","-70.30443","13.5","2023-01-01","7.61",",,W",,,,,,,"0.09",",,W,2400","0.0",",,W,","0.0",",,W,","48","H,,S","55",",,W","40",",,W","  310",",,W","  300",",,W","23.0",",,W","31.1",",,W"
"USW00014764","PORTLAND JETPORT, ME US","43.64244","-70.30443","13.5","2023-01-02","2.91",",,W",,,,,,,"0.00",",,W,2400","0.0",",,W,","0.0",",,W,","39","H,,S","49",",,W","29",",,W","  120",",,W","  260",",,W","8.9",",,W","12.1",",,W"
"USW00014764","PORTLAND JETPORT, ME US","43.64244","-70.30443","13.5","2023-01-03","3.80",",,W",,,,,,,"0.21",",,W,2400","0.0",",,W,","0.0",",,W,","33","H,,S","38",",,W","25",",,W","  350",",,W","  350",",,W","12.1",",,W","14.1",",,W"
"USW00014764","PORTLAND JETPORT, ME US","43.64244","-70.30443","13.5","2023-01-04","4.70",",,W",,,,,,,"0.24",",,W,2400","0.0",",,W,","0.0",",,W,","39","H,,S","44",",,W","36",",,W","   50",",,W","   50",",,W","16.1",",,W","21.0",",,W"
"USW00014764","PORTLAND JETPORT, ME US","43.64244","-70.30443","13.5","2023-01-05","10.51",",,W",,,,,,,"0.20",",,W,2400","0.0","T,,W,","0.0",",,W,","35","H,,S","39",",,W","28",",,W","   60",",,W","   60",",,W","19.9",",,W","25.1",",,W"
"USW00014764","PORTLAND JETPORT, ME US","43.64244","-70.30443","13.5","2023-01-06","4.92",",,W",,,,,,,"0.16",",,W,2400","2.1",",,W,","0.0","T,,W,","29","H,,S","31",",,W","28",",,W","  350",",,W","  340",",,W","14.1",",,W","16.1",",,W"
"USW00014764","PORTLAND JETPORT, ME US","43.64244","-70.30443","13.5","2023-01-07","5.59",",,W",,,,,,,"0.00",",,W,2400","0.0",",,W,","2.0",",,W,","32","H,,S","39",",,W","26",",,W","  340",",,W","  350",",,W","15.0",",,W","19.0",",,W"
"USW00014764","PORTLAND JETPORT, ME US","43.64244","-70.30443","13.5","2023-01-08","4.70",",,W",,,,,,,"0.00",",,W,2400","0.0",",,W,","1.2",",,W,","27","H,,S","34",",,W","17",",,W","  340",",,W","  330",",,W","19.9",",,W","23.9",",,W"
"USW00014764","PORTLAND JETPORT, ME US","43.64244","-70.30443","13.5","2023-01-09","2.91",",,W",,,,,,,"0.00",",,W,2400","0.0",",,W,","1.2",",,W,","29","H,,S","38",",,W","22",",,W","   20",",,W","   20",",,W","10.1",",,W","14.1",",,W"
"USW00014764","PORTLAND JETPORT, ME US","43.64244","-70.30443","13.5","2023-01-10","8.28",",,W",,,,,,,"0.00","T,,W,2400","0.0","T,,W,","1.2",",,W,","29","H,,S","33",",,W","19",",,W","  330",",,W","  330",",,W","18.1",",,W","23.9",",,W"
"USW00014764","PORTLAND JETPORT, ME US","43.64244","-70.30443","13.5","2023-01-11","4.92",",,W",,,,,,,"0.00",",,W,2400","0.0",",,W,","1.2",",,W,","21","H,,S","28",",,W","14",",,W","   40",",,W","   50",",,W","8.1",",,W","12.1",",,W"
"USW00014764","PORTLAND JETPORT, ME US","43.64244","-70.30443","13.5","2023-01-12","5.59",",,W",,,,,,,"0.80",",,W,2400","0.4",",,W,","1.2",",,W,","25","H,,S","42",",,W","23",",,W","  110",",,W","   60",",,W","12.1",",,W","17.0",",,W"
"USW00014764","PORTLAND JETPORT, ME US","43.64244","-70.30443","13.5","2023-01-13","10.29",",,W",,,,,,,"1.10",",,W,2400","0.0",",,W,","0.0",",,W,","44","H,,S","50",",,W","36",",,W","  190",",,W","  170",",,W","18.1",",,W","30.0",",,W"
"USW00014764","PORTLAND JETPORT, ME US","43.64244","-70.30443","13.5","2023-01-14","14.32",",,W",,,,,,,"0.04",",,W,2400","0.1",",,W,","0.0","T,,W,","35","H,,S","36",",,W","30",",,W","  360",",,W","  360",",,W","21.9",",,W","29.1",",,W"
"USW00014764","PORTLAND JETPORT, ME US","43.64244","-70.30443","13.5","2023-01-15","17.45",",,W",,,,,,,"0.17",",,W,2400","0.9",",,W,","0.0",",,W,","31","H,,S","33",",,W","27",",,W","   20",",,W","   30",",,W","25.9",",,W","36.9",",,W"
"USW00014764","PORTLAND JETPORT, ME US","43.64244","-70.30443","13.5","2023-01-16","14.99",",,W",,,,,,,"0.15",",,W,2400","1.4",",,W,","1.2",",,W,","30","H,,S","33",",,W","28",",,W","  360",",,W","   10",",,W","23.9",",,W","36.0",",,W"
"USW00014764","PORTLAND JETPORT, ME US","43.64244","-70.30443","13.5","2023-01-17","3.80",",,W",,,,,,,"0.01",",,W,2400","0.0",",,W,","2.0",",,W,","35","H,,S","45",",,W","29",",,W","  330",",,W","  330",",,W","14.1",",,W","17.0",",,W"
"USW00014764","PORTLAND JETPORT, ME US","43.64244","-70.30443","13.5","2023-01-18","5.59",",,W",,,,,,,"0.00",",,W,2400","0.0",",,W,","1.2",",,W,","37","H,,S","47",",,W","30",",,W","  310",",,W","  300",",,W","14.1",",,W","19.0",",,W"
"USW00014764","PORTLAND JETPORT, ME US","43.64244","-70.30443","13.5","2023-01-19","5.37",",,W",,,,,,,"0.06",",,W,2400","0.3",",,W,","1.2",",,W,","35","H,,S","38",",,W","25",",,W","   40",",,W","   40",",,W","17.0",",,W","21.0",",,W"
"USW00014764","PORTLAND JETPORT, ME US","43.64244","-70.30443","13.5","2023-01-20","10.07",",,W",,,,,,,"0.59",",,W,2400","7.7",",,W,","7.1",",,W,","31","H,,S","32",",,W","25",",,W","   40",",,W","   40",",,W","23.9",",,W","31.1",",,W"
"USW00014764","PORTLAND JETPORT, ME US","43.64244","-70.30443","13.5","2023-01-21","5.14",",,W",,,,,,,"0.00",",,W,2400","0.0",",,W,","7.9",",,W,","27","H,,S","30",",,W","13",",,W","  350",",,W","  360",",,W","13.0",",,W","15.0",",,W"
"USW00014764","PORTLAND JETPORT, ME US","43.64244","-70.30443","13.5","2023-01-22","3.58",",,W",,,,,,,"0.19",",,W,2400","1.7",",,W,","7.9",",,W,","19","H,,S","30",",,W","11",",,W","  230",",,W","  220",",,W","8.1",",,W","11.0",",,W"
"USW00014764","PORTLAND JETPORT, ME US","43.64244","-70.30443","13.5","2023-01-23","12.97",",,W",,,,,,,"1.03",",,W,2400","7.4",",,W,","11.0",",,W,","29","H,,S","32",",,W","26",",,W","  350",",,W","   20",",,W","23.0",",,W","30.0",",,W"
"USW00014764","PORTLAND JETPORT, ME US","43.64244","-70.30443","13.5","2023-01-24","7.38",",,W",,,,,,,"0.00",",,W,2400","0.0",",,W,","14.2",",,W,","29","H,,S","40",",,W","15",",,W","  290",",,W","  280",",,W","21.0",",,W","28.0",",,W"
"USW00014764","PORTLAND JETPORT, ME US","43.64244","-70.30443","13.5","2023-01-25","7.16",",,W",,,,,,,"0.65",",,W,2400","0.9",",,W,","11.8",",,W,","28","H,,S","36",",,W","18",",,W","   50",",,W","   50",",,W","16.1",",,W","21.9",",,W"
"USW00014764","PORTLAND JETPORT, ME US","43.64244","-70.30443","13.5","2023-01-26","12.53",",,W",,,,,,,"1.95",",,W,2400","0.0",",,W,","9.8",",,W,","36","H,,S","45",",,W","29",",,W","  260",",,W","  270",",,W","23.9",",,W","38.0",",,W"
"USW00014764","PORTLAND JETPORT, ME US","43.64244","-70.30443","13.5","2023-01-27","4.47",",,W",,,,,,,"0.00",",,W,2400","0.0",",,W,","7.9",",,W,","30","H,,S","36",",,W","20",",,W","  280",",,W","  290",",,W","18.1",",,W","23.0",",,W"
"USW00014764","PORTLAND JETPORT, ME US","43.64244","-70.30443","13.5","2023-01-28","7.16",",,W",,,,,,,"0.00","T,,W,2400","0.0","T,,W,","7.9",",,W,","31","H,,S","45",",,W","18",",,W","  260",",,W","  260",",,W","18.1",",,W","23.9",",,W"
"USW00014764","PORTLAND JETPORT, ME US","43.64244","-70.30443","13.5","2023-01-29","3.58",",,W",,,,,,,"0.00","T,,W,2400","0.0",",,W,","7.9",",,W,","34","H,,S","45",",,W","22",",,W","  180",",,W","  180",",,W","16.1",",,W","23.0",",,W"
"USW00014764","PORTLAND JETPORT, ME US","43.64244","-70.30443","13.5","2023-01-30","5.82",",,W",,,,,,,"0.03",",,W,2400","0.2",",,W,","7.1",",,W,","37","H,,S","41",",,W","30",",,W","  330",",,W","   20",",,W","13.0",",,W","16.1",",,W"
"USW00014764","PORTLAND JETPORT, ME US","43.64244","-70.30443","13.5","2023-01-31","9.17",",,W",,,,,,,"0.07",",,W,2400","0.9",",,W,","7.9",",,W,","29","H,,S","31",",,W","16",",,W","  330",",,W","  330",",,W","19.9",",,W","27.1",",,W"
"USW00014764","PORTLAND JETPORT, ME US","43.64244","-70.30443","13.5","2023-02-01","5.37",",,W",,,,,,,"0.00",",,W,2400","0.0",",,W,","7.9",",,W,","17","H,,S","23",",,W","12",",,W","  340",",,W","   10",",,W","12.1",",,W","15.0",",,W"
"USW00014764","PORTLAND JETPORT, ME US","43.64244","-70.30443","13.5","2023-02-02","6.93",",,W",,,,,,,"0.00",",,W,2400","0.0",",,W,","7.9",",,W,","22","H,,S","32",",,W","13",",,W","  200",",,W","  230",",,W","15.0",",,W","23.0",",,W"
"USW00014764","PORTLAND JETPORT, ME US","43.64244","-70.30443","13.5","2023-02-03","21.03",",,W",,,,,,,"0.00","T,,W,2400","0.0","T,,W,","7.9",",,W,","17","H,,S","31",",,W","-13",",,W","  300",",,W","  300",",,W","35.1",",,W","44.1",",,W"
"USW00014764","PORTLAND JETPORT, ME US","43.64244","-70.30443","13.5","2023-02-04","14.32",",,W",,,,,,,"0.00",",,W,2400","0.0",",,W,","7.1",",,W,","-7","H,,S","10",",,W","-14",",,W","  290",",,W","  290",",,W","33.1",",,W","40.9",",,W"
"USW00014764","PORTLAND JETPORT, ME US","43.64244","-70.30443","13.5","2023-02-05","4.03",",,W",,,,,,,"0.00",",,W,2400","0.0",",,W,","7.1",",,W,","19","H,,S","39",",,W","10",",,W","  230",",,W","  230",",,W","14.1",",,W","19.0",",,W"
"USW00014764","PORTLAND JETPORT, ME US","43.64244","-70.30443","13.5","2023-02-06","9.62",",,W",,,,,,,"0.00",",,W,2400","0.0",",,W,","7.1",",,W,","31","H,,S","43",",,W","22",",,W","   10",",,W","   10",",,W","23.9",",,W","33.1",",,W"
"USW00014764","PORTLAND JETPORT, ME US","43.64244","-70.30443","13.5","2023-02-07","7.83",",,W",,,,,,,"0.04",",,W,2400","0.2",",,W,","5.9",",,W,","24","H,,S","28",",,W","17",",,W","  350",",,W","  360",",,W","21.9",",,W","25.9",",,W"
"USW00014764","PORTLAND JETPORT, ME US","43.64244","-70.30443","13.5","2023-02-08","6.04",",,W",,,,,,,"0.00",",,W,2400","0.0",",,W,","5.9",",,W,","32","H,,S","44",",,W","26",",,W","  280",",,W","  280",",,W","17.0",",,W","21.9",",,W"
"USW00014764","PORTLAND JETPORT, ME US","43.64244","-70.30443","13.5","2023-02-09","4.92",",,W",,,,,,,"0.21",",,W,2400","0.0","T,,W,","5.9",",,W,","33","H,,S","40",",,W","22",",,W","  140",",,W","  140",",,W","14.1",",,W","19.0",",,W"
"USW00014764","PORTLAND JETPORT, ME US","43.64244","-70.30443","13.5","2023-02-10","11.18",",,W",,,,,,,"0.01",",,W,2400","0.0",",,W,","5.1",",,W,","41","H,,S","52",",,W","34",",,W","  260",",,W","  260",",,W","28.0",",,W","36.9",",,W"
"USW00014764","PORTLAND JETPORT, ME US","43.64244","-70.30443","13.5","2023-02-11","10.07",",,W",,,,,,,"0.00","T,,W,2400","0.0","T,,W,","3.9",",,W,","38","H,,S","40",",,W","30",",,W","  340",",,W","  280",",,W","25.9",",,W","34.0",",,W"
"USW00014764","PORTLAND JETPORT, ME US","43.64244","-70.30443","13.5","2023-02-12","5.37",",,W",,,,,,,"0.00",",,W,2400","0.0",",,W,","3.9",",,W,","36","H,,S","47",",,W","29",",,W","  290",",,W","  230",",,W","14.1",",,W","19.0",",,W"
"USW00014764","PORTLAND JETPORT, ME US","43.64244","-70.30443","13.5","2023-02-13","7.38",",,W",,,,,,,"0.00","T,,W,2400","0.0","T,,W,","3.9",",,W,","35","H,,S","41",",,W","31",",,W","   50",",,W","   50",",,W","16.1",",,W","21.0",",,W"
"USW00014764","PORTLAND JETPORT, ME US","43.64244","-70.30443","13.5","2023-02-14","5.82",",,W",,,,,,,"0.00","T,,W,2400","0.0","T,,W,","3.9",",,W,","36","H,,S","46",",,W","26",",,W","  310",",,W","  310",",,W","19.9",",,W","27.1",",,W"
"USW00014764","PORTLAND JETPORT, ME US","43.64244","-70.30443","13.5","2023-02-15","4.47",",,W",,,,,,,"0.01",",,W,2400","0.0",",,W,","3.1",",,W,","34","H,,S","46",",,W","24",",,W","  180",",,W","  180",",,W","18.1",",,W","27.1",",,W"
"USW00014764","PORTLAND JETPORT, ME US","43.64244","-70.30443","13.5","2023-02-16","8.50",",,W",,,,,,,"0.01",",,W,2400","0.0",",,W,","2.0",",,W,","47","H,,S","57",",,W","32",",,W","  270",",,W","  280",",,W","17.0",",,W","25.1",",,W"
"USW00014764","PORTLAND JETPORT, ME US","43.64244","-70.30443","13.5","2023-02-17","8.95",",,W",,,,,,,"0.14",",,W,2400","0.2",",,W,","1.2",",,W,","41","H,,S","43",",,W","21",",,W","  340",",,W","  350",",,W","25.1",",,W","32.0",",,W"
"USW00014764","PORTLAND JETPORT, ME US","43.64244","-70.30443","13.5","2023-02-18","6.49",",,W",,,,,,,"0.00",",,W,2400","0.0",",,W,","1.2",",,W,","26","H,,S","35",",,W","18",",,W","  330",",,W","  340",",,W","21.9",",,W","27.1",",,W"
"USW00014764","PORTLAND JETPORT, ME US","43.64244","-70.30443","13.5","2023-02-19","6.26",",,W",,,,,,,"0.00",",,W,2400","0.0",",,W,","1.2",",,W,","32","H,,S","42",",,W","22",",,W","  190",",,W","  180",",,W","17.0",",,W","27.1",",,W"
"USW00014764","PORTLAND JETPORT, ME US","43.64244","-70.30443","13.5","2023-02-20","5.37",",,W",,,,,,,"0.00","T,,W,2400","0.0",",,W,","0.0","T,,W,","41","H,,S","52",",,W","30",",,W","  260",",,W","  270",",,W","21.9",",,W","29.1",",,W"
"USW00014764","PORTLAND JETPORT, ME US","43.64244","-70.30443","13.5","2023-02-21","5.82",",,W",,,,,,,"0.00","T,,W,2400","0.0","T,,W,","0.0","T,,W,","35","H,,S","38",",,W","31",",,W","   90",",,W","  110",",,W","15.0",",,W","17.0",",,W"
"USW00014764","PORTLAND JETPORT, ME US","43.64244","-70.30443","13.5","2023-02-22","7.38",",,W",,,,,,,"0.02",",,W,2400","0.3",",,W,","0.0","T,,W,","35","H,,S","42",",,W","25",",,W","   40",",,W","  240",",,W","16.1",",,W","23.0",",,W"
"USW00014764","PORTLAND JETPORT, ME US","43.64244","-70.30443","13.5","2023-02-23","9.84",",,W",,,,,,,"0.49",",,W,2400","4.8",",,W,","3.9",",,W,","22","H,,S","25",",,W","16",",,W","   30",",,W","   40",",,W","19.9",",,W","25.9",",,W"
"USW00014764","PORTLAND JETPORT, ME US","43.64244","-70.30443","13.5","2023-02-24","11.63",",,W",,,,,,,"0.01",",,W,2400","0.2",",,W,","5.1",",,W,","19","H,,S","23",",,W","8",",,W","  320",",,W","  320",",,W","29.1",",,W","36.9",",,W"
"USW00014764","PORTLAND JETPORT, ME US","43.64244","-70.30443","13.5","2023-02-25","4.47",",,W",,,,,,,"0.00","T,,W,2400","0.0","T,,W,","3.9",",,W,","10","H,,S","17",",,W","0",",,W","  210",",,W","  210",",,W","12.1",",,W","15.0",",,W"
"USW00014764","PORTLAND JETPORT, ME US","43.64244","-70.30443","13.5","2023-02-26","4.70",",,W",,,,,,,"0.09",",,W,2400","1.9",",,W,","3.9",",,W,","12","H,,S","21",",,W","2",",,W","  310",",,W","   40",",,W","12.1",",,W","17.0",",,W"
"USW00014764","PORTLAND JETPORT, ME US","43.64244","-70.30443","13.5","2023-02-27","5.59",",,W",,,,,,,"0.00",",,W,2400","0.0",",,W,","5.9",",,W,","16","H,,S","29",",,W","3",",,W","   80",",,W","   80",",,W","15.0",",,W","18.1",",,W"
"USW00014764","PORTLAND JETPORT, ME US","43.64244","-70.30443","13.5","2023-02-28","12.30",",,W",,,,,,,"0.69",",,W,2400","6.2",",,W,","7.1",",,W,","28","H,,S","33",",,W","22",",,W","   90",",,W","  120",",,W","25.1",",,W","31.1",",,W"
"USW00014764","PORTLAND JETPORT, ME US","43.64244","-70.30443","13.5","2023-03-01","3.13",",,W",,,,,,,"0.01",",,W,2400","0.2",",,W,","9.8",",,W,","30","H,,S","40",",,W","18",",,W","  170",",,W","  180",",,W","12.1",",,W","15.0",",,W"
"USW00014764","PORTLAND JETPORT, ME US","43.64244","-70.30443","13.5","2023-03-02","5.82",",,W",,,,,,,"0.37",",,W,2400","0.9",",,W,","9.1",",,W,","34","H,,S","37",",,W","30",",,W","  290",",,W","  290",",,W","15.0",",,W","18.1",",,W"
"USW00014764","PORTLAND JETPORT, ME US","43.64244","-70.30443","13.5","2023-03-03","7.16",",,W",,,,,,,"0.00",",,W,2400","0.0",",,W,","7.9",",,W,","35","H,,S","43",",,W","28",",,W","  350",",,W","  320",",,W","16.1",",,W","21.9",",,W"
"USW00014764","PORTLAND JETPORT, ME US","43.64244","-70.30443","13.5","2023-03-04","14.09",",,W",,,,,,,"1.11",",,W,2400","8.5",",,W,","11.0",",,W,","33","H,,S","37",",,W","28",",,W","   50",",,W","   50",",,W","25.9",",,W","35.1",",,W"
"USW00014764","PORTLAND JETPORT, ME US","43.64244","-70.30443","13.5","2023-03-05","9.17",",,W",,,,,,,"0.00","T,,W,2400","0.0","T,,W,","15.0",",,W,","33","H,,S","43",",,W","24",",,W","  290",",,W","  340",",,W","18.1",",,W","23.0",",,W"
"USW00014764","PORTLAND JETPORT, ME US","43.64244","-70.30443","13.5","2023-03-06","17.22",",,W",,,,,,,"0.00",",,W,2400","0.0",",,W,","11.8",",,W,","37","H,,S","44",",,W","30",",,W","  310",",,W","  330",",,W","35.1",",,W","45.0",",,W"
"USW00014764","PORTLAND JETPORT, ME US","43.64244","-70.30443","13.5","2023-03-07","12.53",",,W",,,,,,,"0.00","T,,W,2400","0.0","T,,W,","11.0",",,W,","33","H,,S","37",",,W","27",",,W","  320",",,W","  330",",,W","23.0",",,W","31.1",",,W"
"USW00014764","PORTLAND JETPORT, ME US","43.64244","-70.30443","13.5","2023-03-08","13.87",",,W",,,,,,,"0.00","T,,W,2400","0.0","T,,W,","9.8",",,W,","36","H,,S","46",",,W","30",",,W","  360",",,W","  330",",,W","23.0",",,W","29.1",",,W"
"USW00014764","PORTLAND JETPORT, ME US","43.64244","-70.30443","13.5","2023-03-09","11.86",",,W",,,,,,,"0.00",",,W,2400","0.0",",,W,","7.9",",,W,","37","H,,S","43",",,W","31",",,W","  350",",,W","  340",",,W","19.9",",,W","23.0",",,W"
"USW00014764","PORTLAND JETPORT, ME US","43.64244","-70.30443","13.5","2023-03-10","4.47",",,W",,,,,,,"0.00",",,W,2400","0.0",",,W,","5.9",",,W,","34","H,,S","44",",,W","25",",,W","  300",",,W","  310",",,W","13.0",",,W","17.0",",,W"
"USW00014764","PORTLAND JETPORT, ME US","43.64244","-70.30443","13.5","2023-03-11","7.83",",,W",,,,,,,"0.00",",,W,2400","0.0",",,W,","5.1",",,W,","33","H,,S","39",",,W","29",",,W","   30",",,W","   30",",,W","14.1",",,W","17.0",",,W"
"USW00014764","PORTLAND JETPORT, ME US","43.64244","-70.30443","13.5","2023-03-12","7.83",",,W",,,,,,,"0.00",",,W,2400","0.0",",,W,","5.1",",,W,","35","H,,S","42",",,W","29",",,W","   30",",,W","   20",",,W","18.1",",,W","23.9",",,W"
"USW00014764","PORTLAND JETPORT, ME US","43.64244","-70.30443","13.5","2023-03-13","6.26",",,W",,,,,,,"0.00",",,W,2400","0.0",",,W,","3.9",",,W,","34","H,,S","41",",,W","26",",,W","   70",",,W","   80",",,W","15.0",",,W","19.0",",,W"
"USW00014764","PORTLAND JETPORT, ME US","43.64244","-70.30443","13.5","2023-03-14","19.46",",,W",,,,,,,"0.64",",,W,2400","3.9",",,W,","3.9",",,W,","35","H,,S","38",",,W","32",",,W","  360",",,W","   10",",,W","36.0",",,W","48.1",",,W"
"USW00014764","PORTLAND JETPORT, ME US","43.64244","-70.30443","13.5","2023-03-15","19.01",",,W",,,,,,,"0.00","T,,W,2400","0.2",",,W,","5.9",",,W,","35","H,,S","41",",,W","32",",,W","  340",",,W","  350",",,W","32.0",",,W","42.1",",,W"
"USW00014764","PORTLAND JETPORT, ME US","43.64244","-70.30443","13.5","2023-03-16","10.96",",,W",,,,,,,"0.00",",,W,2400","0.0",",,W,","3.9",",,W,","39","H,,S","50",",,W","31",",,W","  310",",,W","  320",",,W","19.9",",,W","25.9",",,W"
"USW00014764","PORTLAND JETPORT, ME US","43.64244","-70.30443","13.5","2023-03-17","5.14",",,W",,,,,,,"0.00",",,W,2400","0.0",",,W,","3.1",",,W,","38","H,,S","43",",,W","29",",,W","  130",",,W","  120",",,W","16.1",",,W","19.9",",,W"
"USW00014764","PORTLAND JETPORT, ME US","43.64244","-70.30443","13.5","2023-03-18","5.82",",,W",,,,,,,"0.00","T,,W,2400","0.0",",,W,","1.2",",,W,","42","H,,S","51",",,W","32",",,W","  290",",,W","  270",",,W","17.0",",,W","23.0",",,W"
"USW00014764","PORTLAND JETPORT, ME US","43.64244","-70.30443","13.5","2023-03-19","15.88",",,W",,,,,,,"0.00",",,W,2400","0.0",",,W,","0.0","T,,W,","33","H,,S","36",",,W","23",",,W","  300",",,W","  270",",,W","28.0",",,W","38.0",",,W"
"USW00014764","PORTLAND JETPORT, ME US","43.64244","-70.30443","13.5","2023-03-20","8.72",",,W",,,,,,,"0.00",",,W,2400","0.0",",,W,","0.0",",,W,","33","H,,S","49",",,W","23",",,W","  260",",,W","  260",",,W","18.1",",,W","28.0",",,W"
"USW00014764","PORTLAND JETPORT, ME US","43.64244","-70.30443","13.5","2023-03-21","8.05",",,W",,,,,,,"0.00",",,W,2400","0.0",",,W,","0.0",",,W,","42","H,,S","54",",,W","26",",,W","  270",",,W","  280",",,W","23.0",",,W","29.1",",,W"
"USW00014764","PORTLAND JETPORT, ME US","43.64244","-70.30443","13.5","2023-03-22","5.82",",,W",,,,,,,"0.00",",,W,2400","0.0",",,W,","0.0",",,W,","39","H,,S","44",",,W","29",",,W","  170",",,W","  150",",,W","15.0",",,W","19.0",",,W"
"USW00014764","PORTLAND JETPORT, ME US","43.64244","-70.30443","13.5","2023-03-23","4.92",",,W",,,,,,,"0.02",",,W,2400","0.0",",,W,","0.0",",,W,","40","H,,S","44",",,W","35",",,W","  310",",,W","   40",",,W","10.1",",,W","12.1",",,W"
"USW00014764","PORTLAND JETPORT, ME US","43.64244","-70.30443","13.5","2023-03-24","7.61",",,W",,,,,,,"0.00",",,W,2400","0.0",",,W,","0.0",",,W,","39","H,,S","50",",,W","27",",,W","  300",",,W","  300",",,W","18.1",",,W","25.1",",,W"
"USW00014764","PORTLAND JETPORT, ME US","43.64244","-70.30443","13.5","2023-03-25","8.28",",,W",,,,,,,"0.36",",,W,2400","0.3",",,W,","0.0","T,,W,","33","H,,S","39",",,W","24",",,W","   90",",,W","  110",",,W","17.0",",,W","21.9",",,W"
"USW00014764","PORTLAND JETPORT, ME US","43.64244","-70.30443","13.5","2023-03-26","11.63",",,W",,,,,,,"0.11",",,W,2400","0.0","T,,W,","0.0",",,W,","40","H,,S","49",",,W","34",",,W","  280",",,W","  270",",,W","23.9",",,W","31.1",",,W"
"USW00014764","PORTLAND JETPORT, ME US","43.64244","-70.30443","13.5","2023-03-27","4.03",",,W",,,,,,,"0.00",",,W,2400","0.0",",,W,","0.0",",,W,","41","H,,S","51",",,W","27",",,W","  190",",,W","  200",",,W","15.0",",,W","19.0",",,W"
"USW00014764","PORTLAND JETPORT, ME US","43.64244","-70.30443","13.5","2023-03-28","9.62",",,W",,,,,,,"0.00","T,,W,2400","0.0",",,W,","0.0",",,W,","41","H,,S","48",",,W","30",",,W","  300",",,W","  290",",,W","18.1",",,W","23.0",",,W"
"USW00014764","PORTLAND JETPORT, ME US","43.64244","-70.30443","13.5","2023-03-29","6.93",",,W",,,,,,,"0.00",",,W,2400","0.0",",,W,","0.0",",,W,","36","H,,S","46",",,W","23",",,W","  180",",,W","  160",",,W","16.1",",,W","23.0",",,W"
"USW00014764","PORTLAND JETPORT, ME US","43.64244","-70.30443","13.5","2023-03-30","14.32",",,W",,,,,,,"0.00","T,,W,2400","0.0","T,,W,","0.0",",,W,","35","H,,S","41",",,W","26",",,W","  290",",,W","  300",",,W","28.0",",,W","36.0",",,W"
"USW00014764","PORTLAND JETPORT, ME US","43.64244","-70.30443","13.5","2023-03-31","6.93",",,W",,,,,,,"0.22",",,W,2400","0.0","T,,W,","0.0",",,W,","33","H,,S","43",",,W","24",",,W","  160",",,W","  150",",,W","16.1",",,W","19.9",",,W"
"USW00014764","PORTLAND JETPORT, ME US","43.64244","-70.30443","13.5","2023-04-01","6.26",",,W",,,,,,,"0.51",",,W,2400","0.0",",,W,","0.0",",,W,","38","H,,S","44",",,W","34",",,W","  330",",,W","  330",",,W","16.1",",,W","21.0",",,W"
"USW00014764","PORTLAND JETPORT, ME US","43.64244","-70.30443","13.5","2023-04-02","13.42",",,W",,,,,,,"0.00",",,W,2400","0.0",",,W,","0.0",",,W,","40","H,,S","43",",,W","26",",,W","  340",",,W","  330",",,W","28.0",",,W","38.9",",,W"
"USW00014764","PORTLAND JETPORT, ME US","43.64244","-70.30443","13.5","2023-04-03","8.95",",,W",,,,,,,"0.00",",,W,2400","0.0",",,W,","0.0",",,W,","34","H,,S","45",",,W","21",",,W","  160",",,W","  170",",,W","23.9",",,W","35.1",",,W"
"USW00014764","PORTLAND JETPORT, ME US","43.64244","-70.30443","13.5","2023-04-04","3.13",",,W",,,,,,,"0.07",",,W,2400","0.0",",,W,","0.0",",,W,","45","H,,S","51",",,W","41",",,W","  200",",,W","  190",",,W","12.1",",,W","14.1",",,W"
"USW00014764","PORTLAND JETPORT, ME US","43.64244","-70.30443","13.5","2023-04-05","10.29",",,W",,,,,,,"0.02",",,W,2400","0.0",",,W,","0.0",",,W,","40","H,,S","47",",,W","34",",,W","   90",",,W","   30",",,W","17.0",",,W","23.0",",,W"
"USW00014764","PORTLAND JETPORT, ME US","43.64244","-70.30443","13.5","2023-04-06","5.37",",,W",,,,,,,"0.09",",,W,2400","0.0",",,W,","0.0",",,W,","38","H,,S","53",",,W","33",",,W","  270",",,W","  270",",,W","15.0",",,W","21.0",",,W"
"USW00014764","PORTLAND JETPORT, ME US","43.64244","-70.30443","13.5","2023-04-07","14.99",",,W",,,,,,,"0.00",",,W,2400","0.0",",,W,","0.0",",,W,","49","H,,S","54",",,W","31",",,W","  270",",,W","  280",",,W","31.1",",,W","40.9",",,W"
"USW00014764","PORTLAND JETPORT, ME US","43.64244","-70.30443","13.5","2023-04-08","7.38",",,W",,,,,,,"0.00",",,W,2400","0.0",",,W,","0.0",",,W,","37","H,,S","47",",,W","27",",,W","  330",",,W","  330",",,W","17.0",",,W","25.1",",,W"
"USW00014764","PORTLAND JETPORT, ME US","43.64244","-70.30443","13.5","2023-04-09","6.71",",,W",,,,,,,"0.00",",,W,2400","0.0",",,W,","0.0",",,W,","38","H,,S","52",",,W","24",",,W","  190",",,W","  190",",,W","18.1",",,W","25.1",",,W"
"USW00014764","PORTLAND JETPORT, ME US","43.64244","-70.30443","13.5","2023-04-10","5.14",",,W",,,,,,,"0.00",",,W,2400","0.0",",,W,","0.0",",,W,","42","H,,S","56",",,W","25",",,W","  180",",,W","  170",",,W","15.0",",,W","19.0",",,W"
"USW00014764","PORTLAND JETPORT, ME US","43.64244","-70.30443","13.5","2023-04-11","7.83",",,W",,,,,,,"0.00",",,W,2400","0.0",",,W,","0.0",",,W,","53","H,,S","69",",,W","37",",,W","  310",",,W","  250",",,W","21.9",",,W","29.1",",,W"
"USW00014764","PORTLAND JETPORT, ME US","43.64244","-70.30443","13.5","2023-04-12","13.20",",,W",,,,,,,"0.00",",,W,2400","0.0",",,W,","0.0",",,W,","61","H,,S","66",",,W","47",",,W","  300",",,W","  300",",,W","30.0",",,W","40.9",",,W"
"USW00014764","PORTLAND JETPORT, ME US","43.64244","-70.30443","13.5","2023-04-13","4.70",",,W",,,,,,,"0.00",",,W,2400","0.0",",,W,","0.0",",,W,","55","H,,S","64",",,W","46",",,W","  190",",,W","  180",",,W","14.1",",,W","19.0",",,W"
"USW00014764","PORTLAND JETPORT, ME US","43.64244","-70.30443","13.5","2023-04-14","6.26",",,W",,,,,,,"0.00",",,W,2400","0.0",",,W,","0.0",",,W,","59","H,,S","79",",,W","47",",,W","  100",",,W","  100",",,W","17.0",",,W","21.0",",,W"
"USW00014764","PORTLAND JETPORT, ME US","43.64244","-70.30443","13.5","2023-04-15","8.50",",,W",,,,,,,"0.00",",,W,2400","0.0",",,W,","0.0",",,W,","50","H,,S","56",",,W","45",",,W","   90",",,W","   90",",,W","21.0",",,W","25.1",",,W"
"USW00014764","PORTLAND JETPORT, ME US","43.64244","-70.30443","13.5","2023-04-16","8.28",",,W",,,,,,,"0.02",",,W,2400","0.0",",,W,","0.0",",,W,","49","H,,S","61",",,W","46",",,W","   90",",,W","   90",",,W","17.0",",,W","21.9",",,W"
"USW00014764","PORTLAND JETPORT, ME US","43.64244","-70.30443","13.5","2023-04-17","9.40",",,W",,,,,,,"0.18",",,W,2400","0.0",",,W,","0.0",",,W,","46","H,,S","47",",,W","43",",,W","   80",",,W","   90",",,W","17.0",",,W","21.9",",,W"
"USW00014764","PORTLAND JETPORT, ME US","43.64244","-70.30443","13.5","2023-04-18","7.83",",,W",,,,,,,"0.10",",,W,2400","0.0",",,W,","0.0",",,W,","48","H,,S","54",",,W","43",",,W","  270",",,W","  270",",,W","25.1",",,W","31.1",",,W"
"USW00014764","PORTLAND JETPORT, ME US","43.64244","-70.30443","13.5","2023-04-19","8.95",",,W",,,,,,,"0.00",",,W,2400","0.0",",,W,","0.0",",,W,","46","H,,S","51",",,W","42",",,W","  290",",,W","  270",",,W","21.0",",,W","23.9",",,W"
"USW00014764","PORTLAND JETPORT, ME US","43.64244","-70.30443","13.5","2023-04-20","9.84",",,W",,,,,,,"0.00",",,W,2400","0.0",",,W,","0.0",",,W,","45","H,,S","55",",,W","38",",,W","  330",",,W","  300",",,W","18.1",",,W","25.9",",,W"
"USW00014764","PORTLAND JETPORT, ME US","43.64244","-70.30443","13.5","2023-04-21","5.37",",,W",,,,,,,"0.00",",,W,2400","0.0",",,W,","0.0",",,W,","43","H,,S","49",",,W","36",",,W","  160",",,W","  160",",,W","13.0",",,W","18.1",",,W"
"USW00014764","PORTLAND JETPORT, ME US","43.64244","-70.30443","13.5","2023-04-22","8.28",",,W",,,,,,,"0.00",",,W,2400","0.0",",,W,","0.0",",,W,","42","H,,S","50",",,W","34",",,W","   90",",,W","  100",",,W","14.1",",,W","18.1",",,W"
"USW00014764","PORTLAND JETPORT, ME US","43.64244","-70.30443","13.5","2023-04-23","13.42",",,W",,,,,,,"1.18",",,W,2400","0.0",",,W,","0.0",",,W,","45","H,,S","47",",,W","43",",,W","   90",",,W","   80",",,W","21.0",",,W","25.9",",,W"
"USW00014764","PORTLAND JETPORT, ME US","43.64244","-70.30443","13.5","2023-04-24","13.42",",,W",,,,,,,"0.64",",,W,2400","0.0",",,W,","0.0",",,W,","43","H,,S","44",",,W","43",",,W","   80",",,W","   70",",,W","19.9",",,W","25.9",",,W"
"USW00014764","PORTLAND JETPORT, ME US","43.64244","-70.30443","13.5","2023-04-25","8.95",",,W",,,,,,,"0.12",",,W,2400","0.0",",,W,","0.0",",,W,","43","H,,S","44",",,W","42",",,W","   90",",,W","   90",",,W","15.0",",,W","19.0",",,W"
"USW00014764","PORTLAND JETPORT, ME US","43.64244","-70.30443","13.5","2023-04-26","3.13",",,W",,,,,,,"0.00",",,W,2400","0.0",",,W,","0.0",",,W,","44","H,,S","48",",,W","38",",,W","  120",",,W","  130",",,W","8.9",",,W","12.1",",,W"
"USW00014764","PORTLAND JETPORT, ME US","43.64244","-70.30443","13.5","2023-04-27","3.58",",,W",,,,,,,"0.03",",,W,2400","0.0",",,W,","0.0",",,W,","43","H,,S","52",",,W","33",",,W","  150",",,W","  150",",,W","16.1",",,W","21.9",",,W"
"USW00014764","PORTLAND JETPORT, ME US","43.64244","-70.30443","13.5","2023-04-28","4.25",",,W",,,,,,,"0.00",",,W,2400","0.0",",,W,","0.0",",,W,","48","H,,S","61",",,W","36",",,W","  190",",,W","  190",",,W","13.0",",,W","16.1",",,W"
"USW00014764","PORTLAND JETPORT, ME US","43.64244","-70.30443","13.5","2023-04-29","7.61",",,W",,,,,,,"0.03",",,W,2400","0.0",",,W,","0.0",",,W,","47","H,,S","55",",,W","37",",,W","   90",",,W","  100",",,W","14.1",",,W","19.0",",,W"
"USW00014764","PORTLAND JETPORT, ME US","43.64244","-70.30443","13.5","2023-04-30","17.22",",,W",,,,,,,"2.50",",,W,2400","0.0",",,W,","0.0",",,W,","45","H,,S","49",",,W","44",",,W","  100",",,W","  100",",,W","31.1",",,W","44.1",",,W"
"USW00014764","PORTLAND JETPORT, ME US","43.64244","-70.30443","13.5","2023-05-01","15.88",",,W",,,,,,,"0.56",",,W,2400","0.0",",,W,","0.0",",,W,","53","H,,S","63",",,W","48",",,W","  110",",,W","  110",",,W","33.1",",,W","50.1",",,W"
"USW00014764","PORTLAND JETPORT, ME US","43.64244","-70.30443","13.5","2023-05-02","8.28",",,W",,,,,,,"0.37",",,W,2400","0.0",",,W,","0.0",",,W,","49","H,,S","54",",,W","43",",,W","   90",",,W","  150",",,W","17.0",",,W","23.0",",,W"
"USW00014764","PORTLAND JETPORT, ME US","43.64244","-70.30443","13.5","2023-05-03","14.32",",,W",,,,,,,"0.33",",,W,2400","0.0",",,W,","0.0",",,W,","45","H,,S","46",",,W","42",",,W","   90",",,W","   90",",,W","23.0",",,W","32.0",",,W"
"USW00014764","PORTLAND JETPORT, ME US","43.64244","-70.30443","13.5","2023-05-04","10.07",",,W",,,,,,,"0.06",",,W,2400","0.0",",,W,","0.0",",,W,","44","H,,S","52",",,W","40",",,W","   50",",,W","   50",",,W","17.0",",,W","23.0",",,W"
"USW00014764","PORTLAND JETPORT, ME US","43.64244","-70.30443","13.5","2023-05-05","6.71",",,W",,,,,,,"0.04",",,W,2400","0.0",",,W,","0.0",",,W,","51","H,,S","61",",,W","44",",,W","   10",",,W","   30",",,W","15.0",",,W","21.0",",,W"
"USW00014764","PORTLAND JETPORT, ME US","43.64244","-70.30443","13.5","2023-05-06","12.30",",,W",,,,,,,"0.00",",,W,2400","0.0",",,W,","0.0",",,W,","58","H,,S","74",",,W","43",",,W","  340",",,W","  340",",,W","23.9",",,W","32.0",",,W"
"USW00014764","PORTLAND JETPORT, ME US","43.64244","-70.30443","13.5","2023-05-07","10.07",",,W",,,,,,,"0.00",",,W,2400","0.0",",,W,","0.0",",,W,","63","H,,S","76",",,W","49",",,W","  300",",,W","  310",",,W","18.1",",,W","25.9",",,W"
"USW00014764","PORTLAND JETPORT, ME US","43.64244","-70.30443","13.5","2023-05-08","12.30",",,W",,,,,,,"0.00",",,W,2400","0.0",",,W,","0.0",",,W,","63","H,,S","70",",,W","43",",,W","  350",",,W","  350",",,W","25.9",",,W","35.1",",,W"
"USW00014764","PORTLAND JETPORT, ME US","43.64244","-70.30443","13.5","2023-05-09","6.26",",,W",,,,,,,"0.00",",,W,2400","0.0",",,W,","0.0",",,W,","50","H,,S","58",",,W","38",",,W","  190",",,W","  190",",,W","18.1",",,W","23.0",",,W"
"USW00014764","PORTLAND JETPORT, ME US","43.64244","-70.30443","13.5","2023-05-10","7.83",",,W",,,,,,,"0.00",",,W,2400","0.0",",,W,","0.0",",,W,","54","H,,S","73",",,W","35",",,W","  310",",,W","  300",",,W","18.1",",,W","25.1",",,W"
"USW00014764","PORTLAND JETPORT, ME US","43.64244","-70.30443","13.5","2023-05-11","6.93",",,W",,,,,,,"0.00",",,W,2400","0.0",",,W,","0.0",",,W,","65","H,,S","79",",,W","49",",,W","  340",",,W","  340",",,W","17.0",",,W","23.0",",,W"
"USW00014764","PORTLAND JETPORT, ME US","43.64244","-70.30443","13.5","2023-05-12","5.82",",,W",,,,,,,"0.00","T,,W,2400","0.0",",,W,","0.0",",,W,","63","H,,S","79",",,W","50",",,W","  330",",,W","  340",",,W","16.1",",,W","21.9",",,W"
"USW00014764","PORTLAND JETPORT, ME US","43.64244","-70.30443","13.5","2023-05-13","12.30",",,W",,,,,,,"0.00",",,W,2400","0.0",",,W,","0.0",",,W,","64","H,,S","72",",,W","49",",,W","  310",",,W","  310",",,W","23.9",",,W","31.1",",,W"
"USW00014764","PORTLAND JETPORT, ME US","43.64244","-70.30443","13.5","2023-05-14","12.08",",,W",,,,,,,"0.00",",,W,2400","0.0",",,W,","0.0",",,W,","54","H,,S","64",",,W","43",",,W","  310",",,W","  320",",,W","23.0",",,W","30.0",",,W"
"USW00014764","PORTLAND JETPORT, ME US","43.64244","-70.30443","13.5","2023-05-15","9.40",",,W",,,,,,,"0.00",",,W,2400","0.0",",,W,","0.0",",,W,","57","H,,S","71",",,W","40",",,W","  270",",,W","  270",",,W","25.9",",,W","33.1",",,W"
"USW00014764","PORTLAND JETPORT, ME US","43.64244","-70.30443","13.5","2023-05-16","7.38",",,W",,,,,,,"0.00",",,W,2400","0.0",",,W,","0.0",",,W,","62","H,,S","70",",,W","52",",,W","  360",",,W","   10",",,W","23.0",",,W","31.1",",,W"
"USW00014764","PORTLAND JETPORT, ME US","43.64244","-70.30443","13.5","2023-05-17","14.76",",,W",,,,,,,"0.00",",,W,2400","0.0",",,W,","0.0",",,W,","51","H,,S","53",",,W","35",",,W","  340",",,W","  330",",,W","30.0",",,W","38.9",",,W"
"USW00014764","PORTLAND JETPORT, ME US","43.64244","-70.30443","13.5","2023-05-18","8.95",",,W",,,,,,,"0.00",",,W,2400","0.0",",,W,","0.0",",,W,","44","H,,S","59",",,W","30",",,W","  180",",,W","  190",",,W","21.0",",,W","27.1",",,W"
"USW00014764","PORTLAND JETPORT, ME US","43.64244","-70.30443","13.5","2023-05-19","12.97",",,W",,,,,,,"0.00",",,W,2400","0.0",",,W,","0.0",",,W,","52","H,,S","60",",,W","42",",,W","  180",",,W","  190",",,W","25.1",",,W","34.0",",,W"
"USW00014764","PORTLAND JETPORT, ME US","43.64244","-70.30443","13.5","2023-05-20","8.28",",,W",,,,,,,"2.16",",,W,2400","0.0",",,W,","0.0",",,W,","54","H,,S","62",",,W","45",",,W","  160",",,W","  170",",,W","21.0",",,W","31.1",",,W"
"USW00014764","PORTLAND JETPORT, ME US","43.64244","-70.30443","13.5","2023-05-21","8.05",",,W",,,,,,,"0.17",",,W,2400","0.0",",,W,","0.0",",,W,","62","H,,S","74",",,W","53",",,W","  350",",,W","  340",",,W","18.1",",,W","27.1",",,W"
"USW00014764","PORTLAND JETPORT, ME US","43.64244","-70.30443","13.5","2023-05-22","7.61",",,W",,,,,,,"0.00",",,W,2400","0.0",",,W,","0.0",",,W,","57","H,,S","63",",,W","43",",,W","  140",",,W","   30",",,W","15.0",",,W","21.0",",,W"
"USW00014764","PORTLAND JETPORT, ME US","43.64244","-70.30443","13.5","2023-05-23","4.92",",,W",,,,,,,"0.00",",,W,2400","0.0",",,W,","0.0",",,W,","51","H,,S","61",",,W","40",",,W","  150",",,W","  200",",,W","17.0",",,W","23.0",",,W"
"USW00014764","PORTLAND JETPORT, ME US","43.64244","-70.30443","13.5","2023-05-24","6.93",",,W",,,,,,,"0.25",",,W,2400","0.0",",,W,","0.0",",,W,","51","H,,S","61",",,W","43",",,W","  140",",,W","  160",",,W","18.1",",,W","21.9",",,W"
"USW00014764","PORTLAND JETPORT, ME US","43.64244","-70.30443","13.5","2023-05-25","10.96",",,W",,,,,,,"0.00",",,W,2400","0.0",",,W,","0.0",",,W,","53","H,,S","64",",,W","44",",,W","  330",",,W","  320",",,W","21.9",",,W","29.1",",,W"
"USW00014764","PORTLAND JETPORT, ME US","43.64244","-70.30443","13.5","2023-05-26","6.26",",,W",,,,,,,"0.00",",,W,2400","0.0",",,W,","0.0",",,W,","51","H,,S","62",",,W","38",",,W","  350",",,W","  330",",,W","16.1",",,W","21.9",",,W"
"USW00014764","PORTLAND JETPORT, ME US","43.64244","-70.30443","13.5","2023-05-27","7.38",",,W",,,,,,,"0.00",",,W,2400","0.0",",,W,","0.0",",,W,","60","H,,S","79",",,W","42",",,W","  190",",,W","  190",",,W","17.0",",,W","21.9",",,W"
"USW00014764","PORTLAND JETPORT, ME US","43.64244","-70.30443","13.5","2023-05-28","6.93",",,W",,,,,,,"0.00",",,W,2400","0.0",",,W,","0.0",",,W,","70","H,,S","89",",,W","52",",,W","  360",",,W","  360",",,W","19.9",",,W","29.1",",,W"
"USW00014764","PORTLAND JETPORT, ME US","43.64244","-70.30443","13.5","2023-05-29","8.50",",,W",,,,,,,"0.00",",,W,2400","0.0",",,W,","0.0",",,W,","64","H,,S","71",",,W","47",",,W","   50",",,W","   20",",,W","16.1",",,W","23.9",",,W"
"USW00014764","PORTLAND JETPORT, ME US","43.64244","-70.30443","13.5","2023-05-30","7.16",",,W",,,,,,,"0.00",",,W,2400","0.0",",,W,","0.0",",,W,","54","H,,S","66",",,W","42",",,W","  170",",,W","  190",",,W","18.1",",,W","25.1",",,W"
"USW00014764","PORTLAND JETPORT, ME US","43.64244","-70.30443","13.5","2023-05-31","6.71",",,W",,,,,,,"0.00",",,W,2400","0.0",",,W,","0.0",",,W,","59","H,,S","71",",,W","48",",,W","  180",",,W","  190",",,W","15.0",",,W","19.0",",,W"
"USW00014764","PORTLAND JETPORT, ME US","43.64244","-70.30443","13.5","2023-06-01","4.03",",,W",,,,,,,"0.00","T,,W,2400","0.0",",,W,","0.0",",,W,","67","H,,S","84",",,W","52",",,W","  160",",,W","  150",",,W","12.1",",,W","15.0",",,W"
"USW00014764","PORTLAND JETPORT, ME US","43.64244","-70.30443","13.5","2023-06-02","6.93",",,W",,,,,,,"0.09",",,W,2400","0.0",",,W,","0.0",",,W,","71","H,,S","85",",,W","54",",,W","   10",",,W","   10",",,W","19.9",",,W","28.0",",,W"
"USW00014764","PORTLAND JETPORT, ME US","43.64244","-70.30443","13.5","2023-06-03","11.18",",,W",,,,,,,"0.46",",,W,2400","0.0",",,W,","0.0",",,W,","50","H,,S","55",",,W","45",",,W","   30",",,W","   30",",,W","19.9",",,W","25.1",",,W"
"USW00014764","PORTLAND JETPORT, ME US","43.64244","-70.30443","13.5","2023-06-04","10.29",",,W",,,,,,,"0.37",",,W,2400","0.0",",,W,","0.0",",,W,","46","H,,S","50",",,W","43",",,W","   10",",,W","   30",",,W","18.1",",,W","23.0",",,W"
"USW00014764","PORTLAND JETPORT, ME US","43.64244","-70.30443","13.5","2023-06-05","8.95",",,W",,,,,,,"0.29",",,W,2400","0.0",",,W,","0.0",",,W,","52","H,,S","62",",,W","49",",,W","  350",",,W","  360",",,W","17.0",",,W","21.9",",,W"
"USW00014764","PORTLAND JETPORT, ME US","43.64244","-70.30443","13.5","2023-06-06","12.30",",,W",,,,,,,"0.00","T,,W,2400","0.0",",,W,","0.0",",,W,","59","H,,S","68",",,W","50",",,W","  350",",,W","  340",",,W","25.1",",,W","33.1",",,W"
"USW00014764","PORTLAND JETPORT, ME US","43.64244","-70.30443","13.5","2023-06-07","8.50",",,W",,,,,,,"0.01",",,W,2400","0.0",",,W,","0.0",",,W,","57","H,,S","64",",,W","50",",,W","  310",",,W","  300",",,W","19.9",",,W","25.1",",,W"
"USW00014764","PORTLAND JETPORT, ME US","43.64244","-70.30443","13.5","2023-06-08","3.58",",,W",,,,,,,"0.13",",,W,2400","0.0",",,W,","0.0",",,W,","54","H,,S","62",",,W","47",",,W","  160",",,W","  150",",,W","13.0",",,W","17.0",",,W"
"USW00014764","PORTLAND JETPORT, ME US","43.64244","-70.30443","13.5","2023-06-09","4.92",",,W",,,,,,,"0.00","T,,W,2400","0.0",",,W,","0.0",",,W,","55","H,,S","63",",,W","49",",,W","  140",",,W","  130",",,W","12.1",",,W","17.0",",,W"
"USW00014764","PORTLAND JETPORT, ME US","43.64244","-70.30443","13.5","2023-06-10","4.25",",,W",,,,,,,"0.00","T,,W,2400","0.0",",,W,","0.0",",,W,","55","H,,S","65",",,W","49",",,W","  160",",,W","  160",",,W","13.0",",,W","18.1",",,W"
"USW00014764","PORTLAND JETPORT, ME US","43.64244","-70.30443","13.5","2023-06-11","6.71",",,W",,,,,,,"0.00",",,W,2400","0.0",",,W,","0.0",",,W,","63","H,,S","79",",,W","49",",,W","  190",",,W","  170",",,W","18.1",",,W","23.9",",,W"
"USW00014764","PORTLAND JETPORT, ME US","43.64244","-70.30443","13.5","2023-06-12","4.70",",,W",,,,,,,"0.00",",,W,2400","0.0",",,W,","0.0",",,W,","64","H,,S","72",",,W","55",",,W","  150",",,W","  150",",,W","15.0",",,W","17.0",",,W"
"USW00014764","PORTLAND JETPORT, ME US","43.64244","-70.30443","13.5","2023-06-13","7.61",",,W",,,,,,,"1.28",",,W,2400","0.0",",,W,","0.0",",,W,","58","H,,S","60",",,W","54",",,W","   80",",,W","  100",",,W","14.1",",,W","19.9",",,W"
"USW00014764","PORTLAND JETPORT, ME US","43.64244","-70.30443","13.5","2023-06-14","5.14",",,W",,,,,,,"0.08",",,W,2400","0.0",",,W,","0.0",",,W,","59","H,,S","69",",,W","55",",,W","  180",",,W","  180",",,W","14.1",",,W","17.0",",,W"
"USW00014764","PORTLAND JETPORT, ME US","43.64244","-70.30443","13.5","2023-06-15","5.14",",,W",,,,,,,"0.01",",,W,2400","0.0",",,W,","0.0",",,W,","62","H,,S","72",",,W","56",",,W","  160",",,W","  170",",,W","15.0",",,W","19.0",",,W"
"USW00014764","PORTLAND JETPORT, ME US","43.64244","-70.30443","13.5","2023-06-16","5.59",",,W",,,,,,,"0.00","T,,W,2400","0.0",",,W,","0.0",",,W,","66","H,,S","76",",,W","58",",,W","  160",",,W","  150",",,W","15.0",",,W","21.9",",,W"
"USW00014764","PORTLAND JETPORT, ME US","43.64244","-70.30443","13.5","2023-06-17","9.17",",,W",,,,,,,"1.84",",,W,2400","0.0",",,W,","0.0",",,W,","59","H,,S","61",",,W","55",",,W","  350",",,W","  360",",,W","17.0",",,W","21.0",",,W"
"USW00014764","PORTLAND JETPORT, ME US","43.64244","-70.30443","13.5","2023-06-18","8.72",",,W",,,,,,,"0.06",",,W,2400","0.0",",,W,","0.0",",,W,","59","H,,S","65",",,W","55",",,W","  350",",,W","  340",",,W","19.9",",,W","25.1",",,W"
"USW00014764","PORTLAND JETPORT, ME US","43.64244","-70.30443","13.5","2023-06-19","4.92",",,W",,,,,,,"0.00","T,,W,2400","0.0",",,W,","0.0",",,W,","60","H,,S","68",",,W","57",",,W","  160",",,W","  150",",,W","14.1",",,W","18.1",",,W"
"USW00014764","PORTLAND JETPORT, ME US","43.64244","-70.30443","13.5","2023-06-20","4.92",",,W",,,,,,,"0.03",",,W,2400","0.0",",,W,","0.0",",,W,","59","H,,S","64",",,W","52",",,W","  150",",,W","  150",",,W","14.1",",,W","17.0",",,W"
"USW00014764","PORTLAND JETPORT, ME US","43.64244","-70.30443","13.5","2023-06-21","4.03",",,W",,,,,,,"0.00",",,W,2400","0.0",",,W,","0.0",",,W,","59","H,,S","69",",,W","51",",,W","  160",",,W","  130",",,W","13.0",",,W","17.0",",,W"
"USW00014764","PORTLAND JETPORT, ME US","43.64244","-70.30443","13.5","2023-06-22","4.92",",,W",,,,,,,"0.00",",,W,2400","0.0",",,W,","0.0",",,W,","60","H,,S","70",",,W","48",",,W","  160",",,W","  150",",,W","14.1",",,W","18.1",",,W"
"USW00014764","PORTLAND JETPORT, ME US","43.64244","-70.30443","13.5","2023-06-23","4.70",",,W",,,,,,,"0.00",",,W,2400","0.0",",,W,","0.0",",,W,","62","H,,S","74",",,W","49",",,W","  190",",,W","  200",",,W","18.1",",,W","25.1",",,W"
"USW00014764","PORTLAND JETPORT, ME US","43.64244","-70.30443","13.5","2023-06-24","5.82",",,W",,,,,,,"0.07",",,W,2400","0.0",",,W,","0.0",",,W,","67","H,,S","73",",,W","64",",,W","  160",",,W","  150",",,W","12.1",",,W","14.1",",,W"
"USW00014764","PORTLAND JETPORT, ME US","43.64244","-70.30443","13.5","2023-06-25","5.37",",,W",,,,,,,"0.00",",,W,2400","0.0",",,W,","0.0",",,W,","72","H,,S","81",",,W","66",",,W","  150",",,W","  150",",,W","13.0",",,W","16.1",",,W"
"USW00014764","PORTLAND JETPORT, ME US","43.64244","-70.30443","13.5","2023-06-26","10.29",",,W",,,,,,,"0.00",",,W,2400","0.0",",,W,","0.0",",,W,","63","H,,S","66",",,W","57",",,W","   90",",,W","   90",",,W","17.0",",,W","21.0",",,W"
"USW00014764","PORTLAND JETPORT, ME US","43.64244","-70.30443","13.5","2023-06-27","9.40",",,W",,,,,,,"0.58",",,W,2400","0.0",",,W,","0.0",",,W,","64","H,,S","72",",,W","58",",,W","  170",",,W","  160",",,W","17.0",",,W","25.9",",,W"
"USW00014764","PORTLAND JETPORT, ME US","43.64244","-70.30443","13.5","2023-06-28","5.82",",,W",,,,,,,"0.29",",,W,2400","0.0",",,W,","0.0",",,W,","66","H,,S","68",",,W","63",",,W","  140",",,W","  160",",,W","14.1",",,W","19.0",",,W"
"USW00014764","PORTLAND JETPORT, ME US","43.64244","-70.30443","13.5","2023-06-29","6.71",",,W",,,,,,,"0.09",",,W,2400","0.0",",,W,","0.0",",,W,","68","H,,S","76",",,W","64",",,W","  160",",,W","  160",",,W","16.1",",,W","19.9",",,W"
"USW00014764","PORTLAND JETPORT, ME US","43.64244","-70.30443","13.5","2023-06-30","5.37",",,W",,,,,,,"0.00",",,W,2400","0.0",",,W,","0.0",",,W,","65","H,,S","67",",,W","61",",,W","   90",",,W","  100",",,W","10.1",",,W","13.0",",,W"
"USW00014764","PORTLAND JETPORT, ME US","43.64244","-70.30443","13.5","2023-07-01","4.25",",,W",,,,,,,"0.00",",,W,2400","0.0",",,W,","0.0",",,W,","65","H,,S","75",",,W","61",",,W","   90",",,W","   90",",,W","14.1",",,W","16.1",",,W"
"USW00014764","PORTLAND JETPORT, ME US","43.64244","-70.30443","13.5","2023-07-02","5.14",",,W",,,,,,,"1.80",",,W,2400","0.0",",,W,","0.0",",,W,","64","H,,S","68",",,W","61",",,W","   70",",,W","   90",",,W","15.0",",,W","19.9",",,W"
"USW00014764","PORTLAND JETPORT, ME US","43.64244","-70.30443","13.5","2023-07-03","3.80",",,W",,,,,,,"0.47",",,W,2400","0.0",",,W,","0.0",",,W,","66","H,,S","77",",,W","62",",,W","  350",",,W","  180",",,W","10.1",",,W","17.0",",,W"
"USW00014764","PORTLAND JETPORT, ME US","43.64244","-70.30443","13.5","2023-07-04","3.36",",,W",,,,,,,"0.27",",,W,2400","0.0",",,W,","0.0",",,W,","69","H,,S","76",",,W","65",",,W","  190",",,W","  220",",,W","8.9",",,W","12.1",",,W"
"USW00014764","PORTLAND JETPORT, ME US","43.64244","-70.30443","13.5","2023-07-05","5.14",",,W",,,,,,,"0.00",",,W,2400","0.0",",,W,","0.0",",,W,","74","H,,S","86",",,W","66",",,W","  180",",,W","  180",",,W","14.1",",,W","17.0",",,W"
"USW00014764","PORTLAND JETPORT, ME US","43.64244","-70.30443","13.5","2023-07-06","4.70",",,W",,,,,,,"0.00",",,W,2400","0.0",",,W,","0.0",",,W,","76","H,,S","86",",,W","65",",,W","  190",",,W","  180",",,W","14.1",",,W","19.0",",,W"
"USW00014764","PORTLAND JETPORT, ME US","43.64244","-70.30443","13.5","2023-07-07","7.16",",,W",,,,,,,"0.00",",,W,2400","0.0",",,W,","0.0",",,W,","74","H,,S","83",",,W","64",",,W","  190",",,W","  180",",,W","19.9",",,W","27.1",",,W"
"USW00014764","PORTLAND JETPORT, ME US","43.64244","-70.30443","13.5","2023-07-08","4.70",",,W",,,,,,,"0.00",",,W,2400","0.0",",,W,","0.0",",,W,","68","H,,S","72",",,W","64",",,W","   80",",,W","   90",",,W","12.1",",,W","13.0",",,W"
"USW00014764","PORTLAND JETPORT, ME US","43.64244","-70.30443","13.5","2023-07-09","4.70",",,W",,,,,,,"0.01",",,W,2400","0.0",",,W,","0.0",",,W,","65","H,,S","68",",,W","64",",,W","   90",",,W","   90",",,W","8.9",",,W","10.1",",,W"
"USW00014764","PORTLAND JETPORT, ME US","43.64244","-70.30443","13.5","2023-07-10","8.50",",,W",,,,,,,"0.93",",,W,2400","0.0",",,W,","0.0",",,W,","64","H,,S","64",",,W","62",",,W","   80",",,W","   90",",,W","18.1",",,W","23.0",",,W"
"USW00014764","PORTLAND JETPORT, ME US","43.64244","-70.30443","13.5","2023-07-11","5.14",",,W",,,,,,,"0.01",",,W,2400","0.0",",,W,","0.0",",,W,","70","H,,S","85",",,W","62",",,W","  300",",,W","  290",",,W","19.9",",,W","25.1",",,W"
"USW00014764","PORTLAND JETPORT, ME US","43.64244","-70.30443","13.5","2023-07-12","3.58",",,W",,,,,,,"0.21",",,W,2400","0.0",",,W,","0.0",",,W,","76","H,,S","89",",,W","65",",,W","  280",",,W","  280",",,W","25.9",",,W","35.1",",,W"
"USW00014764","PORTLAND JETPORT, ME US","43.64244","-70.30443","13.5","2023-07-13","6.49",",,W",,,,,,,"0.02",",,W,2400","0.0",",,W,","0.0",",,W,","73","H,,S","81",",,W","65",",,W","  180",",,W","  200",",,W","17.0",",,W","28.0",",,W"
"USW00014764","PORTLAND JETPORT, ME US","43.64244","-70.30443","13.5","2023-07-14","4.70",",,W",,,,,,,"0.08",",,W,2400","0.0",",,W,","0.0",",,W,","72","H,,S","79",",,W","66",",,W","  160",",,W","  160",",,W","15.0",",,W","18.1",",,W"
"USW00014764","PORTLAND JETPORT, ME US","43.64244","-70.30443","13.5","2023-07-15","5.82",",,W",,,,,,,"0.40",",,W,2400","0.0",",,W,","0.0",",,W,","72","H,,S","78",",,W","69",",,W","  170",",,W","  170",",,W","15.0",",,W","19.9",",,W"
"USW00014764","PORTLAND JETPORT, ME US","43.64244","-70.30443","13.5","2023-07-16","9.62",",,W",,,,,,,"0.86",",,W,2400","0.0",",,W,","0.0",",,W,","72","H,,S","73",",,W","69",",,W","  160",",,W","  170",",,W","21.9",",,W","34.0",",,W"
"USW00014764","PORTLAND JETPORT, ME US","43.64244","-70.30443","13.5","2023-07-17","5.82",",,W",,,,,,,"0.00","T,,W,2400","0.0",",,W,","0.0",",,W,","75","H,,S","85",",,W","68",",,W","  150",",,W","  140",",,W","13.0",",,W","16.1",",,W"
"USW00014764","PORTLAND JETPORT, ME US","43.64244","-70.30443","13.5","2023-07-18","5.14",",,W",,,,,,,"0.00",",,W,2400","0.0",",,W,","0.0",",,W,","72","H,,S","77",",,W","66",",,W","  180",",,W","  190",",,W","15.0",",,W","19.9",",,W"
"USW00014764","PORTLAND JETPORT, ME US","43.64244","-70.30443","13.5","2023-07-19","4.92",",,W",,,,,,,"0.00",",,W,2400","0.0",",,W,","0.0",",,W,","74","H,,S","83",",,W","65",",,W","   90",",,W","  160",",,W","13.0",",,W","15.0",",,W"
"USW00014764","PORTLAND JETPORT, ME US","43.64244","-70.30443","13.5","2023-07-20","4.47",",,W",,,,,,,"0.00",",,W,2400","0.0",",,W,","0.0",",,W,","73","H,,S","83",",,W","62",",,W","  180",",,W","  180",",,W","14.1",",,W","17.0",",,W"
"USW00014764","PORTLAND JETPORT, ME US","43.64244","-70.30443","13.5","2023-07-21","5.14",",,W",,,,,,,"0.18",",,W,2400","0.0",",,W,","0.0",",,W,","67","H,,S","72",",,W","62",",,W","   90",",,W","  100",",,W","15.0",",,W","19.0",",,W"
"USW00014764","PORTLAND JETPORT, ME US","43.64244","-70.30443","13.5","2023-07-22","5.59",",,W",,,,,,,"0.00",",,W,2400","0.0",",,W,","0.0",",,W,","68","H,,S","76",",,W","63",",,W","  140",",,W","  150",",,W","12.1",",,W","15.0",",,W"
"USW00014764","PORTLAND JETPORT, ME US","43.64244","-70.30443","13.5","2023-07-23","5.37",",,W",,,,,,,"0.00",",,W,2400","0.0",",,W,","0.0",",,W,","71","H,,S","84",",,W","61",",,W","  270",",,W","  150",",,W","14.1",",,W","17.0",",,W"
"USW00014764","PORTLAND JETPORT, ME US","43.64244","-70.30443","13.5","2023-07-24","5.37",",,W",,,,,,,"0.00",",,W,2400","0.0",",,W,","0.0",",,W,","72","H,,S","82",",,W","62",",,W","  190",",,W","  190",",,W","16.1",",,W","21.9",",,W"
"USW00014764","PORTLAND JETPORT, ME US","43.64244","-70.30443","13.5","2023-07-25","5.82",",,W",,,,,,,"0.00","T,,W,2400","0.0",",,W,","0.0",",,W,","72","H,,S","80",",,W","64",",,W","  160",",,W","  170",",,W","16.1",",,W","23.9",",,W"
"USW00014764","PORTLAND JETPORT, ME US","43.64244","-70.30443","13.5","2023-07-26","4.92",",,W",,,,,,,"0.00",",,W,2400","0.0",",,W,","0.0",",,W,","75","H,,S","86",",,W","65",",,W","  150",",,W","  150",",,W","15.0",",,W","19.9",",,W"
"USW00014764","PORTLAND JETPORT, ME US","43.64244","-70.30443","13.5","2023-07-27","6.71",",,W",,,,,,,"0.04",",,W,2400","0.0",",,W,","0.0",",,W,","74","H,,S","86",",,W","70",",,W","  250",",,W","  260",",,W","17.0",",,W","25.1",",,W"
"USW00014764","PORTLAND JETPORT, ME US","43.64244","-70.30443","13.5","2023-07-28","5.59",",,W",,,,,,,"0.00",",,W,2400","0.0",",,W,","0.0",",,W,","77","H,,S","85",",,W","69",",,W","  180",",,W","  180",",,W","16.1",",,W","21.0",",,W"
"USW00014764","PORTLAND JETPORT, ME US","43.64244","-70.30443","13.5","2023-07-29","8.28",",,W",,,,,,,"0.46",",,W,2400","0.0",",,W,","0.0",",,W,","75","H,,S","82",",,W","60",",,W","  340",",,W","  340",",,W","28.0",",,W","35.1",",,W"
"USW00014764","PORTLAND JETPORT, ME US","43.64244","-70.30443","13.5","2023-07-30","8.95",",,W",,,,,,,"0.00",",,W,2400","0.0",",,W,","0.0",",,W,","65","H,,S","76",",,W","57",",,W","  300",",,W","  350",",,W","17.0",",,W","21.9",",,W"
"USW00014764","PORTLAND JETPORT, ME US","43.64244","-70.30443","13.5","2023-07-31","5.14",",,W",,,,,,,"0.01",",,W,2400","0.0",",,W,","0.0",",,W,","66","H,,S","78",",,W","56",",,W","  360",",,W","  320",",,W","19.9",",,W","25.1",",,W"
"USW00014764","PORTLAND JETPORT, ME US","43.64244","-70.30443","13.5","2023-08-01","5.82",",,W",,,,,,,"0.00",",,W,2400","0.0",",,W,","0.0",",,W,","65","H,,S","74",",,W","54",",,W","  170",",,W","  170",",,W","14.1",",,W","19.0",",,W"
"USW00014764","PORTLAND JETPORT, ME US","43.64244","-70.30443","13.5","2023-08-02","5.82",",,W",,,,,,,"0.00",",,W,2400","0.0",",,W,","0.0",",,W,","63","H,,S","72",",,W","50",",,W","  160",",,W","  190",",,W","13.0",",,W","18.1",",,W"
"USW00014764","PORTLAND JETPORT, ME US","43.64244","-70.30443","13.5","2023-08-03","7.61",",,W",,,,,,,"0.01",",,W,2400","0.0",",,W,","0.0",",,W,","65","H,,S","74",",,W","52",",,W","  190",",,W","  180",",,W","21.9",",,W","29.1",",,W"
"USW00014764","PORTLAND JETPORT, ME US","43.64244","-70.30443","13.5","2023-08-04","8.28",",,W",,,,,,,"0.52",",,W,2400","0.0",",,W,","0.0",",,W,","65","H,,S","71",",,W","62",",,W","  170",",,W","  190",",,W","15.0",",,W","21.9",",,W"
"USW00014764","PORTLAND JETPORT, ME US","43.64244","-70.30443","13.5","2023-08-05","4.25",",,W",,,,,,,"0.15",",,W,2400","0.0",",,W,","0.0",",,W,","68","H,,S","78",",,W","60",",,W","  160",",,W","  150",",,W","13.0",",,W","17.0",",,W"
"USW00014764","PORTLAND JETPORT, ME US","43.64244","-70.30443","13.5","2023-08-06","6.49",",,W",,,,,,,"0.00",",,W,2400","0.0",",,W,","0.0",",,W,","69","H,,S","81",",,W","56",",,W","  260",",,W","  270",",,W","15.0",",,W","21.0",",,W"
"USW00014764","PORTLAND JETPORT, ME US","43.64244","-70.30443","13.5","2023-08-07","3.80",",,W",,,,,,,"0.01",",,W,2400","0.0",",,W,","0.0",",,W,","66","H,,S","71",",,W","60",",,W","  130",",,W","  140",",,W","14.1",",,W","21.0",",,W"
"USW00014764","PORTLAND JETPORT, ME US","43.64244","-70.30443","13.5","2023-08-08","11.41",",,W",,,,,,,"1.03",",,W,2400","0.0",",,W,","0.0",",,W,","69","H,,S","72",",,W","66",",,W","  150",",,W","  170",",,W","21.9",",,W","35.1",",,W"
"USW00014764","PORTLAND JETPORT, ME US","43.64244","-70.30443","13.5","2023-08-09","6.71",",,W",,,,,,,"0.01",",,W,2400","0.0",",,W,","0.0",",,W,","71","H,,S","80",",,W","64",",,W","  310",",,W","  310",",,W","18.1",",,W","23.9",",,W"
"USW00014764","PORTLAND JETPORT, ME US","43.64244","-70.30443","13.5","2023-08-10","6.04",",,W",,,,,,,"0.81",",,W,2400","0.0",",,W,","0.0",",,W,","71","H,,S","81",",,W","61",",,W","  200",",,W","  180",",,W","13.0",",,W","19.0",",,W"
"USW00014764","PORTLAND JETPORT, ME US","43.64244","-70.30443","13.5","2023-08-11","10.51",",,W",,,,,,,"0.13",",,W,2400","0.0",",,W,","0.0",",,W,","71","H,,S","79",",,W","61",",,W","  290",",,W","  280",",,W","25.1",",,W","33.1",",,W"
"USW00014764","PORTLAND JETPORT, ME US","43.64244","-70.30443","13.5","2023-08-12","5.59",",,W",,,,,,,"0.00",",,W,2400","0.0",",,W,","0.0",",,W,","68","H,,S","77",",,W","56",",,W","  170",",,W","  190",",,W","16.1",",,W","21.9",",,W"
"USW00014764","PORTLAND JETPORT, ME US","43.64244","-70.30443","13.5","2023-08-13","6.26",",,W",,,,,,,"0.01",",,W,2400","0.0",",,W,","0.0",",,W,","71","H,,S","79",",,W","65",",,W","  150",",,W","  140",",,W","15.0",",,W","19.0",",,W"
"USW00014764","PORTLAND JETPORT, ME US","43.64244","-70.30443","13.5","2023-08-14","4.47",",,W",,,,,,,"0.00",",,W,2400","0.0",",,W,","0.0",",,W,","72","H,,S","82",",,W","61",",,W","  280",",,W","  260",",,W","14.1",",,W","18.1",",,W"
"USW00014764","PORTLAND JETPORT, ME US","43.64244","-70.30443","13.5","2023-08-15","2.91",",,W",,,,,,,"0.16",",,W,2400","0.0",",,W,","0.0",",,W,","67","H,,S","72",",,W","63",",,W","   40",",,W","   30",",,W","8.9",",,W","14.1",",,W"
"USW00014764","PORTLAND JETPORT, ME US","43.64244","-70.30443","13.5","2023-08-16","4.47",",,W",,,,,,,"0.00",",,W,2400","0.0",",,W,","0.0",",,W,","67","H,,S","73",",,W","63",",,W","  160",",,W","  150",",,W","10.1",",,W","14.1",",,W"
"USW00014764","PORTLAND JETPORT, ME US","43.64244","-70.30443","13.5","2023-08-17","5.14",",,W",,,,,,,"0.00","T,,W,2400","0.0",",,W,","0.0",",,W,","67","H,,S","70",",,W","65",",,W","   90",",,W","   90",",,W","14.1",",,W","16.1",",,W"
"USW00014764","PORTLAND JETPORT, ME US","43.64244","-70.30443","13.5","2023-08-18","6.49",",,W",,,,,,,"1.11",",,W,2400","0.0",",,W,","0.0",",,W,","67","H,,S","73",",,W","63",",,W","   20",",,W","   60",",,W","14.1",",,W","19.0",",,W"
"USW00014764","PORTLAND JETPORT, ME US","43.64244","-70.30443","13.5","2023-08-19","7.38",",,W",,,,,,,"0.00",",,W,2400","0.0",",,W,","0.0",",,W,","65","H,,S","72",",,W","56",",,W","  250",",,W","  250",",,W","15.0",",,W","23.9",",,W"
"USW00014764","PORTLAND JETPORT, ME US","43.64244","-70.30443","13.5","2023-08-20","5.82",",,W",,,,,,,"0.00",",,W,2400","0.0",",,W,","0.0",",,W,","70","H,,S","81",",,W","60",",,W","  260",",,W","  240",",,W","14.1",",,W","19.0",",,W"
"USW00014764","PORTLAND JETPORT, ME US","43.64244","-70.30443","13.5","2023-08-21","5.37",",,W",,,,,,,"0.00","T,,W,2400","0.0",",,W,","0.0",",,W,","72","H,,S","84",",,W","64",",,W","  350",",,W","  350",",,W","14.1",",,W","19.0",",,W"
"USW00014764","PORTLAND JETPORT, ME US","43.64244","-70.30443","13.5","2023-08-22","8.72",",,W",,,,,,,"0.00",",,W,2400","0.0",",,W,","0.0",",,W,","68","H,,S","78",",,W","57",",,W","  350",",,W","  350",",,W","21.0",",,W","25.1",",,W"
"USW00014764","PORTLAND JETPORT, ME US","43.64244","-70.30443","13.5","2023-08-23","4.92",",,W",,,,,,,"0.00",",,W,2400","0.0",",,W,","0.0",",,W,","64","H,,S","75",",,W","51",",,W","  180",",,W","  280",",,W","14.1",",,W","17.0",",,W"
"USW00014764","PORTLAND JETPORT, ME US","43.64244","-70.30443","13.5","2023-08-24","6.04",",,W",,,,,,,"0.05",",,W,2400","0.0",",,W,","0.0",",,W,","65","H,,S","77",",,W","53",",,W","  190",",,W","  170",",,W","15.0",",,W","19.0",",,W"
"USW00014764","PORTLAND JETPORT, ME US","43.64244","-70.30443","13.5","2023-08-25","8.95",",,W",,,,,,,"0.94",",,W,2400","0.0",",,W,","0.0",",,W,","63","H,,S","65",",,W","57",",,W","  170",",,W","  180",",,W","21.9",",,W","36.0",",,W"
"USW00014764","PORTLAND JETPORT, ME US","43.64244","-70.30443","13.5","2023-08-26","4.03",",,W",,,,,,,"0.03",",,W,2400","0.0",",,W,","0.0",",,W,","69","H,,S","80",",,W","64",",,W","  320",",,W","  360",",,W","10.1",",,W","13.0",",,W"
"USW00014764","PORTLAND JETPORT, ME US","43.64244","-70.30443","13.5","2023-08-27","4.92",",,W",,,,,,,"0.00","T,,W,2400","0.0",",,W,","0.0",",,W,","67","H,,S","74",",,W","59",",,W","   20",",,W","   10",",,W","12.1",",,W","15.0",",,W"
"USW00014764","PORTLAND JETPORT, ME US","43.64244","-70.30443","13.5","2023-08-28","5.37",",,W",,,,,,,"0.00",",,W,2400","0.0",",,W,","0.0",",,W,","65","H,,S","75",",,W","56",",,W","  170",",,W","  200",",,W","16.1",",,W","19.9",",,W"
"USW00014764","PORTLAND JETPORT, ME US","43.64244","-70.30443","13.5","2023-08-29","5.37",",,W",,,,,,,"0.00","T,,W,2400","0.0",",,W,","0.0",",,W,","67","H,,S","74",",,W","63",",,W","  100",",,W","  140",",,W","10.1",",,W","15.0",",,W"
"USW00014764","PORTLAND JETPORT, ME US","43.64244","-70.30443","13.5","2023-08-30","5.14",",,W",,,,,,,"0.83",",,W,2400","0.0",",,W,","0.0",",,W,","67","H,,S","74",",,W","60",",,W","  310",",,W","  300",",,W","12.1",",,W","16.1",",,W"
"USW00014764","PORTLAND JETPORT, ME US","43.64244","-70.30443","13.5","2023-08-31","11.41",",,W",,,,,,,"0.00",",,W,2400","0.0",",,W,","0.0",",,W,","65","H,,S","72",",,W","52",",,W","  350",",,W","  340",",,W","25.1",",,W","31.1",",,W"
"USW00014764","PORTLAND JETPORT, ME US","43.64244","-70.30443","13.5","2023-09-01","6.04",",,W",,,,,,,"0.00",",,W,2400","0.0",",,W,","0.0",",,W,","62","H,,S","74",",,W","50",",,W","  300",",,W","  290",",,W","14.1",",,W","19.0",",,W"
"USW00014764","PORTLAND JETPORT, ME US","43.64244","-70.30443","13.5","2023-09-02","5.82",",,W",,,,,,,"0.00",",,W,2400","0.0",",,W,","0.0",",,W,","62","H,,S","74",",,W","50",",,W","  190",",,W","  190",",,W","16.1",",,W","21.9",",,W"
"USW00014764","PORTLAND JETPORT, ME US","43.64244","-70.30443","13.5","2023-09-03","3.13",",,W",,,,,,,"0.00",",,W,2400","0.0",",,W,","0.0",",,W,","70","H,,S","80",",,W","59",",,W","   80",",,W","  230",",,W","8.9",",,W","12.1",",,W"
"USW00014764","PORTLAND JETPORT, ME US","43.64244","-70.30443","13.5","2023-09-04","2.91",",,W",,,,,,,"0.00",",,W,2400","0.0",",,W,","0.0",",,W,","69","H,,S","81",",,W","61",",,W","  170",",,W","  160",",,W","12.1",",,W","14.1",",,W"
"USW00014764","PORTLAND JETPORT, ME US","43.64244","-70.30443","13.5","2023-09-05","4.70",",,W",,,,,,,"0.00",",,W,2400","0.0",",,W,","0.0",",,W,","76","H,,S","88",",,W","65",",,W","  350",",,W","  350",",,W","13.0",",,W","17.0",",,W"
"USW00014764","PORTLAND JETPORT, ME US","43.64244","-70.30443","13.5","2023-09-06","4.47",",,W",,,,,,,"0.00",",,W,2400","0.0",",,W,","0.0",",,W,","76","H,,S","86",",,W","68",",,W","  160",",,W","  170",",,W","13.0",",,W","16.1",",,W"
"USW00014764","PORTLAND JETPORT, ME US","43.64244","-70.30443","13.5","2023-09-07","4.47",",,W",,,,,,,"0.00",",,W,2400","0.0",",,W,","0.0",",,W,","75","H,,S","86",",,W","66",",,W","  290",",,W","  270",",,W","13.0",",,W","18.1",",,W"
"USW00014764","PORTLAND JETPORT, ME US","43.64244","-70.30443","13.5","2023-09-08","6.04",",,W",,,,,,,"0.33",",,W,2400","0.0",",,W,","0.0",",,W,","74","H,,S","83",",,W","68",",,W","  230",",,W","  240",",,W","31.1",",,W","40.9",",,W"
"USW00014764","PORTLAND JETPORT, ME US","43.64244","-70.30443","13.5","2023-09-09","5.59",",,W",,,,,,,"0.00",",,W,2400","0.0",",,W,","0.0",",,W,","73","H,,S","84",",,W","65",",,W","   40",",,W","   40",",,W","12.1",",,W","15.0",",,W"
"USW00014764","PORTLAND JETPORT, ME US","43.64244","-70.30443","13.5","2023-09-10","4.47",",,W",,,,,,,"0.03",",,W,2400","0.0",",,W,","0.0",",,W,","67","H,,S","70",",,W","63",",,W","   50",",,W","   50",",,W","14.1",",,W","19.0",",,W"
"USW00014764","PORTLAND JETPORT, ME US","43.64244","-70.30443","13.5","2023-09-11","2.91",",,W",,,,,,,"0.38",",,W,2400","0.0",",,W,","0.0",",,W,","68","H,,S","76",",,W","64",",,W","   90",",,W","   90",",,W","8.1",",,W","10.1",",,W"
"USW00014764","PORTLAND JETPORT, ME US","43.64244","-70.30443","13.5","2023-09-12","5.37",",,W",,,,,,,"0.76",",,W,2400","0.0",",,W,","0.0",",,W,","66","H,,S","68",",,W","63",",,W","   80",",,W","  100",",,W","10.1",",,W","12.1",",,W"
"USW00014764","PORTLAND JETPORT, ME US","43.64244","-70.30443","13.5","2023-09-13","3.80",",,W",,,,,,,"0.16",",,W,2400","0.0",",,W,","0.0",",,W,","67","H,,S","73",",,W","64",",,W","  170",",,W","  190",",,W","10.1",",,W","15.0",",,W"
"USW00014764","PORTLAND JETPORT, ME US","43.64244","-70.30443","13.5","2023-09-14","5.82",",,W",,,,,,,"0.00",",,W,2400","0.0",",,W,","0.0",",,W,","68","H,,S","76",",,W","56",",,W","  260",",,W","  210",",,W","13.0",",,W","17.0",",,W"
"USW00014764","PORTLAND JETPORT, ME US","43.64244","-70.30443","13.5","2023-09-15","10.96",",,W",,,,,,,"0.00",",,W,2400","0.0",",,W,","0.0",",,W,","61","H,,S","68",",,W","54",",,W","  360",",,W","   10",",,W","21.0",",,W","27.1",",,W"
"USW00014764","PORTLAND JETPORT, ME US","43.64244","-70.30443","13.5","2023-09-16","20.80",",,W",,,,,,,"0.01",",,W,2400","0.0",",,W,","0.0",",,W,","64","H,,S","71",",,W","59",",,W","  320",",,W","  290",",,W","31.1",",,W","46.1",",,W"
"USW00014764","PORTLAND JETPORT, ME US","43.64244","-70.30443","13.5","2023-09-17","5.59",",,W",,,,,,,"0.00",",,W,2400","0.0",",,W,","0.0",",,W,","65","H,,S","78",",,W","51",",,W","  150",",,W","  140",",,W","12.1",",,W","14.1",",,W"
"USW00014764","PORTLAND JETPORT, ME US","43.64244","-70.30443","13.5","2023-09-18","8.72",",,W",,,,,,,"2.29",",,W,2400","0.0",",,W,","0.0",",,W,","62","H,,S","63",",,W","57",",,W","   80",",,W","  100",",,W","23.9",",,W","32.0",",,W"
"USW00014764","PORTLAND JETPORT, ME US","43.64244","-70.30443","13.5","2023-09-19","11.63",",,W",,,,,,,"0.95",",,W,2400","0.0",",,W,","0.0",",,W,","63","H,,S","72",",,W","57",",,W","  260",",,W","  280",",,W","21.9",",,W","30.0",",,W"
"USW00014764","PORTLAND JETPORT, ME US","43.64244","-70.30443","13.5","2023-09-20","7.38",",,W",,,,,,,"0.00",",,W,2400","0.0",",,W,","0.0",",,W,","63","H,,S","73",",,W","52",",,W","  320",",,W","  330",",,W","17.0",",,W","21.9",",,W"
"USW00014764","PORTLAND JETPORT, ME US","43.64244","-70.30443","13.5","2023-09-21","4.92",",,W",,,,,,,"0.00",",,W,2400","0.0",",,W,","0.0",",,W,","61","H,,S","73",",,W","50",",,W","   10",",,W","  330",",,W","13.0",",,W","17.0",",,W"
"USW00014764","PORTLAND JETPORT, ME US","43.64244","-70.30443","13.5","2023-09-22","3.80",",,W",,,,,,,"0.00",",,W,2400","0.0",",,W,","0.0",",,W,","57","H,,S","66",",,W","49",",,W","  140",",,W","  110",",,W","12.1",",,W","14.1",",,W"
"USW00014764","PORTLAND JETPORT, ME US","43.64244","-70.30443","13.5","2023-09-23","3.80",",,W",,,,,,,"0.00",",,W,2400","0.0",",,W,","0.0",",,W,","53","H,,S","60",",,W","46",",,W","  350",",,W","  130",",,W","8.1",",,W","10.1",",,W"
"USW00014764","PORTLAND JETPORT, ME US","43.64244","-70.30443","13.5","2023-09-24","4.25",",,W",,,,,,,"0.00",",,W,2400","0.0",",,W,","0.0",",,W,","57","H,,S","63",",,W","53",",,W","   90",",,W","   90",",,W","8.9",",,W","12.1",",,W"
"USW00014764","PORTLAND JETPORT, ME US","43.64244","-70.30443","13.5","2023-09-25","8.50",",,W",,,,,,,"0.00",",,W,2400","0.0",",,W,","0.0",",,W,","59","H,,S","66",",,W","50",",,W","   40",",,W","   40",",,W","17.0",",,W","25.9",",,W"
"USW00014764","PORTLAND JETPORT, ME US","43.64244","-70.30443","13.5","2023-09-26","6.49",",,W",,,,,,,"0.00",",,W,2400","0.0",",,W,","0.0",",,W,","56","H,,S","64",",,W","45",",,W","   50",",,W","   40",",,W","15.0",",,W","21.0",",,W"
"USW00014764","PORTLAND JETPORT, ME US","43.64244","-70.30443","13.5","2023-09-27","2.68",",,W",,,,,,,"0.00",",,W,2400","0.0",",,W,","0.0",",,W,","54","H,,S","69",",,W","43",",,W","   50",",,W","   40",",,W","8.9",",,W","11.0",",,W"
"USW00014764","PORTLAND JETPORT, ME US","43.64244","-70.30443","13.5","2023-09-28","1.34",",,W",,,,,,,"0.00",",,W,2400","0.0",",,W,","0.0",",,W,","54","H,,S","68",",,W","44",",,W","  170",",,W","  150",",,W","10.1",",,W","13.0",",,W"
"USW00014764","PORTLAND JETPORT, ME US","43.64244","-70.30443","13.5","2023-09-29","1.57",",,W",,,,,,,"0.00","T,,W,2400","0.0",",,W,","0.0",",,W,","54","H,,S","66",",,W","43",",,W","  130",",,W","  130",",,W","10.1",",,W","13.0",",,W"
"USW00014764","PORTLAND JETPORT, ME US","43.64244","-70.30443","13.5","2023-09-30","3.58",",,W",,,,,,,"0.00",",,W,2400","0.0",",,W,","0.0",",,W,","58","H,,S","64",",,W","48",",,W","  100",",,W","  110",",,W","8.9",",,W","11.0",",,W"
"USW00014764","PORTLAND JETPORT, ME US","43.64244","-70.30443","13.5","2023-10-01","4.25",",,W",,,,,,,"0.00",",,W,2400","0.0",",,W,","0.0",",,W,","58","H,,S","76",",,W","47",",,W","   20",",,W","  360",",,W","13.0",",,W","16.1",",,W"
"USW00014764","PORTLAND JETPORT, ME US","43.64244","-70.30443","13.5","2023-10-02","5.59",",,W",,,,,,,"0.00",",,W,2400","0.0",",,W,","0.0",",,W,","63","H,,S","73",",,W","49",",,W","   10",",,W","  360",",,W","14.1",",,W","17.0",",,W"
"USW00014764","PORTLAND JETPORT, ME US","43.64244","-70.30443","13.5","2023-10-03","3.80",",,W",,,,,,,"0.00",",,W,2400","0.0",",,W,","0.0",",,W,","62","H,,S","81",",,W","47",",,W","  280",",,W","  180",",,W","8.9",",,W","12.1",",,W"
"USW00014764","PORTLAND JETPORT, ME US","43.64244","-70.30443","13.5","2023-10-04","4.25",",,W",,,,,,,"0.00",",,W,2400","0.0",",,W,","0.0",",,W,","64","H,,S","70",",,W","54",",,W","   80",",,W","   90",",,W","10.1",",,W","12.1",",,W"
"USW00014764","PORTLAND JETPORT, ME US","43.64244","-70.30443","13.5","2023-10-05","4.70",",,W",,,,,,,"0.00",",,W,2400","0.0",",,W,","0.0",",,W,","59","H,,S","64",",,W","54",",,W","  190",",,W","  190",",,W","13.0",",,W","17.0",",,W"
"USW00014764","PORTLAND JETPORT, ME US","43.64244","-70.30443","13.5","2023-10-06","5.37",",,W",,,,,,,"0.00",",,W,2400","0.0",",,W,","0.0",",,W,","62","H,,S","67",",,W","60",",,W","  100",",,W","   90",",,W","13.0",",,W","16.1",",,W"
"USW00014764","PORTLAND JETPORT, ME US","43.64244","-70.30443","13.5","2023-10-07","11.18",",,W",,,,,,,"0.32",",,W,2400","0.0",",,W,","0.0",",,W,","62","H,,S","65",",,W","60",",,W","   90",",,W","   70",",,W","21.9",",,W","27.1",",,W"
"USW00014764","PORTLAND JETPORT, ME US","43.64244","-70.30443","13.5","2023-10-08","8.95",",,W",,,,,,,"0.05",",,W,2400","0.0",",,W,","0.0",",,W,","58","H,,S","63",",,W","48",",,W","  270",",,W","  260",",,W","21.9",",,W","32.0",",,W"
"USW00014764","PORTLAND JETPORT, ME US","43.64244","-70.30443","13.5","2023-10-09","5.37",",,W",,,,,,,"0.00",",,W,2400","0.0",",,W,","0.0",",,W,","53","H,,S","59",",,W","45",",,W","  150",",,W","  160",",,W","15.0",",,W","21.0",",,W"
"USW00014764","PORTLAND JETPORT, ME US","43.64244","-70.30443","13.5","2023-10-10","3.80",",,W",,,,,,,"0.07",",,W,2400","0.0",",,W,","0.0",",,W,","49","H,,S","60",",,W","38",",,W","  110",",,W","  130",",,W","16.1",",,W","19.0",",,W"
"USW00014764","PORTLAND JETPORT, ME US","43.64244","-70.30443","13.5","2023-10-11","4.03",",,W",,,,,,,"0.01",",,W,2400","0.0",",,W,","0.0",",,W,","53","H,,S","61",",,W","46",",,W","  160",",,W","  150",",,W","12.1",",,W","13.0",",,W"
"USW00014764","PORTLAND JETPORT, ME US","43.64244","-70.30443","13.5","2023-10-12","4.92",",,W",,,,,,,"0.00",",,W,2400","0.0",",,W,","0.0",",,W,","56","H,,S","64",",,W","46",",,W","  280",",,W","  260",",,W","15.0",",,W","19.9",",,W"
"USW00014764","PORTLAND JETPORT, ME US","43.64244","-70.30443","13.5","2023-10-13","9.17",",,W",,,,,,,"0.00",",,W,2400","0.0",",,W,","0.0",",,W,","50","H,,S","60",",,W","38",",,W","  330",",,W","  340",",,W","23.0",",,W","31.1",",,W"
"USW00014764","PORTLAND JETPORT, ME US","43.64244","-70.30443","13.5","2023-10-14","6.93",",,W",,,,,,,"0.00",",,W,2400","0.0",",,W,","0.0",",,W,","51","H,,S","61",",,W","40",",,W","  310",",,W","  320",",,W","18.1",",,W","25.9",",,W"
"USW00014764","PORTLAND JETPORT, ME US","43.64244","-70.30443","13.5","2023-10-15","8.05",",,W",,,,,,,"0.01",",,W,2400","0.0",",,W,","0.0",",,W,","50","H,,S","60",",,W","39",",,W","  340",",,W","   10",",,W","19.9",",,W","23.9",",,W"
"USW00014764","PORTLAND JETPORT, ME US","43.64244","-70.30443","13.5","2023-10-16","7.38",",,W",,,,,,,"0.15",",,W,2400","0.0",",,W,","0.0",",,W,","51","H,,S","58",",,W","48",",,W","   40",",,W","  360",",,W","17.0",",,W","21.0",",,W"
"USW00014764","PORTLAND JETPORT, ME US","43.64244","-70.30443","13.5","2023-10-17","4.03",",,W",,,,,,,"0.00","T,,W,2400","0.0",",,W,","0.0",",,W,","52","H,,S","57",",,W","47",",,W","  360",",,W","  360",",,W","10.1",",,W","13.0",",,W"
"USW00014764","PORTLAND JETPORT, ME US","43.64244","-70.30443","13.5","2023-10-18","2.68",",,W",,,,,,,"0.00",",,W,2400","0.0",",,W,","0.0",",,W,","52","H,,S","60",",,W","47",",,W","  180",",,W","  180",",,W","8.1",",,W","10.1",",,W"
"USW00014764","PORTLAND JETPORT, ME US","43.64244","-70.30443","13.5","2023-10-19","6.71",",,W",,,,,,,"0.00",",,W,2400","0.0",",,W,","0.0",",,W,","55","H,,S","63",",,W","49",",,W","  180",",,W","  150",",,W","15.0",",,W","21.9",",,W"
"USW00014764","PORTLAND JETPORT, ME US","43.64244","-70.30443","13.5","2023-10-20","6.04",",,W",,,,,,,"0.00","T,,W,2400","0.0",",,W,","0.0",",,W,","56","H,,S","60",",,W","50",",,W","  160",",,W","  160",",,W","14.1",",,W","17.0",",,W"
"USW00014764","PORTLAND JETPORT, ME US","43.64244","-70.30443","13.5","2023-10-21","8.50",",,W",,,,,,,"1.26",",,W,2400","0.0",",,W,","0.0",",,W,","57","H,,S","58",",,W","55",",,W","  300",",,W","   80",",,W","16.1",",,W","21.9",",,W"
"USW00014764","PORTLAND JETPORT, ME US","43.64244","-70.30443","13.5","2023-10-22","10.96",",,W",,,,,,,"0.21",",,W,2400","0.0",",,W,","0.0",",,W,","52","H,,S","55",",,W","44",",,W","  270",",,W","  260",",,W","17.0",",,W","23.0",",,W"
"USW00014764","PORTLAND JETPORT, ME US","43.64244","-70.30443","13.5","2023-10-23","6.93",",,W",,,,,,,"0.00","T,,W,2400","0.0",",,W,","0.0",",,W,","49","H,,S","58",",,W","37",",,W","  330",",,W","  330",",,W","17.0",",,W","23.0",",,W"
"USW00014764","PORTLAND JETPORT, ME US","43.64244","-70.30443","13.5","2023-10-24","3.58",",,W",,,,,,,"0.00","T,,W,2400","0.0",",,W,","0.0",",,W,","44","H,,S","53",",,W","35",",,W","  190",",,W","  210",",,W","10.1",",,W","13.0",",,W"
"USW00014764","PORTLAND JETPORT, ME US","43.64244","-70.30443","13.5","2023-10-25","4.03",",,W",,,,,,,"0.00",",,W,2400","0.0",",,W,","0.0",",,W,","55","H,,S","69",",,W","44",",,W","  260",",,W","  240",",,W","12.1",",,W","16.1",",,W"
"USW00014764","PORTLAND JETPORT, ME US","43.64244","-70.30443","13.5","2023-10-26","2.01",",,W",,,,,,,"0.00",",,W,2400","0.0",",,W,","0.0",",,W,","62","H,,S","72",",,W","53",",,W","  350",",,W","  160",",,W","8.1",",,W","13.0",",,W"
"USW00014764","PORTLAND JETPORT, ME US","43.64244","-70.30443","13.5","2023-10-27","3.36",",,W",,,,,,,"0.00",",,W,2400","0.0",",,W,","0.0",",,W,","62","H,,S","76",",,W","51",",,W","  270",",,W","  290",",,W","16.1",",,W","21.0",",,W"
"USW00014764","PORTLAND JETPORT, ME US","43.64244","-70.30443","13.5","2023-10-28","8.95",",,W",,,,,,,"0.00",",,W,2400","0.0",",,W,","0.0",",,W,","67","H,,S","80",",,W","51",",,W","  300",",,W","  270",",,W","21.0",",,W","29.1",",,W"
"USW00014764","PORTLAND JETPORT, ME US","43.64244","-70.30443","13.5","2023-10-29","3.13",",,W",,,,,,,"0.13",",,W,2400","0.0",",,W,","0.0",",,W,","49","H,,S","52",",,W","43",",,W","   30",",,W","  350",",,W","12.1",",,W","16.1",",,W"
"USW00014764","PORTLAND JETPORT, ME US","43.64244","-70.30443","13.5","2023-10-30","6.93",",,W",,,,,,,"0.72",",,W,2400","0.0",",,W,","0.0",",,W,","43","H,,S","47",",,W","36",",,W","  360",",,W","   20",",,W","14.1",",,W","19.0",",,W"
"USW00014764","PORTLAND JETPORT, ME US","43.64244","-70.30443","13.5","2023-10-31","5.59",",,W",,,,,,,"0.00",",,W,2400","0.0",",,W,","0.0",",,W,","38","H,,S","45",",,W","31",",,W","  350",",,W","  350",",,W","15.0",",,W","18.1",",,W"
"USW00014764","PORTLAND JETPORT, ME US","43.64244","-70.30443","13.5","2023-11-01","6.71",",,W",,,,,,,"0.00",",,W,2400","0.0",",,W,","0.0",",,W,","37","H,,S","45",",,W","29",",,W","  360",",,W","   40",",,W","16.1",",,W","23.0",",,W"
"USW00014764","PORTLAND JETPORT, ME US","43.64244","-70.30443","13.5","2023-11-02","2.91",",,W",,,,,,,"0.00",",,W,2400","0.0",",,W,","0.0",",,W,","36","H,,S","45",",,W","26",",,W","  240",",,W","  230",",,W","12.1",",,W","14.1",",,W"
"USW00014764","PORTLAND JETPORT, ME US","43.64244","-70.30443","13.5","2023-11-03","8.28",",,W",,,,,,,"0.00",",,W,2400","0.0",",,W,","0.0",",,W,","40","H,,S","52",",,W","29",",,W","  210",",,W","  250",",,W","18.1",",,W","27.1",",,W"
"USW00014764","PORTLAND JETPORT, ME US","43.64244","-70.30443","13.5","2023-11-04","5.14",",,W",,,,,,,"0.00",",,W,2400","0.0",",,W,","0.0",",,W,","49","H,,S","57",",,W","45",",,W","  210",",,W","  210",",,W","12.1",",,W","19.0",",,W"
"USW00014764","PORTLAND JETPORT, ME US","43.64244","-70.30443","13.5","2023-11-05","4.92",",,W",,,,,,,"0.01",",,W,2400","0.0",",,W,","0.0",",,W,","49","H,,S","55",",,W","37",",,W","  360",",,W","  350",",,W","15.0",",,W","19.9",",,W"
"USW00014764","PORTLAND JETPORT, ME US","43.64244","-70.30443","13.5","2023-11-06","5.82",",,W",,,,,,,"0.00",",,W,2400","0.0",",,W,","0.0",",,W,","39","H,,S","50",",,W","29",",,W","  170",",,W","  100",",,W","10.1",",,W","15.0",",,W"
"USW00014764","PORTLAND JETPORT, ME US","43.64244","-70.30443","13.5","2023-11-07","10.74",",,W",,,,,,,"0.05",",,W,2400","0.0",",,W,","0.0",",,W,","53","H,,S","62",",,W","43",",,W","  300",",,W","  320",",,W","21.0",",,W","30.0",",,W"
"USW00014764","PORTLAND JETPORT, ME US","43.64244","-70.30443","13.5","2023-11-08","12.53",",,W",,,,,,,"0.00",",,W,2400","0.0",",,W,","0.0",",,W,","40","H,,S","43",",,W","31",",,W","  310",",,W","  300",",,W","25.9",",,W","33.1",",,W"
"USW00014764","PORTLAND JETPORT, ME US","43.64244","-70.30443","13.5","2023-11-09","4.25",",,W",,,,,,,"0.08",",,W,2400","0.2",",,W,","0.0",",,W,","33","H,,S","35",",,W","28",",,W","   20",",,W","  240",",,W","8.1",",,W","10.1",",,W"
"USW00014764","PORTLAND JETPORT, ME US","43.64244","-70.30443","13.5","2023-11-10","4.47",",,W",,,,,,,"0.00","T,,W,2400","0.0",",,W,","0.0",",,W,","38","H,,S","47",",,W","30",",,W","  340",",,W","  350",",,W","15.0",",,W","19.9",",,W"
"USW00014764","PORTLAND JETPORT, ME US","43.64244","-70.30443","13.5","2023-11-11","8.28",",,W",,,,,,,"0.00",",,W,2400","0.0",",,W,","0.0",",,W,","39","H,,S","42",",,W","25",",,W","  340",",,W","  310",",,W","21.0",",,W","25.9",",,W"
"USW00014764","PORTLAND JETPORT, ME US","43.64244","-70.30443","13.5","2023-11-12","3.13",",,W",,,,,,,"0.00",",,W,2400","0.0",",,W,","0.0",",,W,","31","H,,S","41",",,W","21",",,W","  280",",,W","  290",",,W","12.1",",,W","18.1",",,W"
"USW00014764","PORTLAND JETPORT, ME US","43.64244","-70.30443","13.5","2023-11-13","2.46",",,W",,,,,,,"0.00","T,,W,2400","0.0","T,,W,","0.0",",,W,","29","H,,S","38",",,W","20",",,W","  260",",,W","  260",",,W","13.0",",,W","17.0",",,W"
"USW00014764","PORTLAND JETPORT, ME US","43.64244","-70.30443","13.5","2023-11-14","5.37",",,W",,,,,,,"0.00",",,W,2400","0.0","T,,W,","0.0",",,W,","36","H,,S","44",",,W","28",",,W","  310",",,W","  330",",,W","15.0",",,W","19.9",",,W"
"USW00014764","PORTLAND JETPORT, ME US","43.64244","-70.30443","13.5","2023-11-15","4.47",",,W",,,,,,,"0.00",",,W,2400","0.0",",,W,","0.0",",,W,","34","H,,S","45",",,W","24",",,W","  190",",,W","  180",",,W","13.0",",,W","17.0",",,W"
"USW00014764","PORTLAND JETPORT, ME US","43.64244","-70.30443","13.5","2023-11-16","3.36",",,W",,,,,,,"0.00",",,W,2400","0.0",",,W,","0.0",",,W,","42","H,,S","58",",,W","28",",,W","  220",",,W","  220",",,W","10.1",",,W","13.0",",,W"
"USW00014764","PORTLAND JETPORT, ME US","43.64244","-70.30443","13.5","2023-11-17","6.49",",,W",,,,,,,"0.00","T,,W,2400","0.0","T,,W,","0.0",",,W,","42","H,,S","57",",,W","29",",,W","  190",",,W","  180",",,W","16.1",",,W","25.1",",,W"
"USW00014764","PORTLAND JETPORT, ME US","43.64244","-70.30443","13.5","2023-11-18","7.83",",,W",,,,,,,"0.42",",,W,2400","0.0",",,W,","0.0",",,W,","49","H,,S","54",",,W","28",",,W","  340",",,W","  330",",,W","21.9",",,W","29.1",",,W"
"USW00014764","PORTLAND JETPORT, ME US","43.64244","-70.30443","13.5","2023-11-19","7.83",",,W",,,,,,,"0.00",",,W,2400","0.0",",,W,","0.0",",,W,","35","H,,S","48",",,W","25",",,W","  280",",,W","  290",",,W","23.0",",,W","30.0",",,W"
"USW00014764","PORTLAND JETPORT, ME US","43.64244","-70.30443","13.5","2023-11-20","9.84",",,W",,,,,,,"0.00",",,W,2400","0.0",",,W,","0.0",",,W,","33","H,,S","38",",,W","23",",,W","  310",",,W","  300",",,W","19.9",",,W","27.1",",,W"
"USW00014764","PORTLAND JETPORT, ME US","43.64244","-70.30443","13.5","2023-11-21","4.03",",,W",,,,,,,"0.00",",,W,2400","0.0",",,W,","0.0",",,W,","28","H,,S","39",",,W","17",",,W","  150",",,W","  160",",,W","12.1",",,W","15.0",",,W"
"USW00014764","PORTLAND JETPORT, ME US","43.64244","-70.30443","13.5","2023-11-22","13.65",",,W",,,,,,,"1.84",",,W,2400","0.0",",,W,","0.0",",,W,","40","H,,S","47",",,W","36",",,W","   60",",,W","   60",",,W","23.0",",,W","31.1",",,W"
"USW00014764","PORTLAND JETPORT, ME US","43.64244","-70.30443","13.5","2023-11-23","9.17",",,W",,,,,,,"0.00",",,W,2400","0.0",",,W,","0.0",",,W,","43","H,,S","51",",,W","35",",,W","  350",",,W","  320",",,W","21.9",",,W","27.1",",,W"
"USW00014764","PORTLAND JETPORT, ME US","43.64244","-70.30443","13.5","2023-11-24","9.84",",,W",,,,,,,"0.00",",,W,2400","0.0",",,W,","0.0",",,W,","36","H,,S","45",",,W","22",",,W","  300",",,W","  300",",,W","25.9",",,W","32.0",",,W"
"USW00014764","PORTLAND JETPORT, ME US","43.64244","-70.30443","13.5","2023-11-25","5.59",",,W",,,,,,,"0.00",",,W,2400","0.0",",,W,","0.0",",,W,","26","H,,S","33",",,W","18",",,W","  300",",,W","  290",",,W","15.0",",,W","19.9",",,W"
"USW00014764","PORTLAND JETPORT, ME US","43.64244","-70.30443","13.5","2023-11-26","5.14",",,W",,,,,,,"0.00",",,W,2400","0.0",",,W,","0.0",",,W,","32","H,,S","45",",,W","24",",,W","  150",",,W","  170",",,W","17.0",",,W","23.0",",,W"
"USW00014764","PORTLAND JETPORT, ME US","43.64244","-70.30443","13.5","2023-11-27","14.99",",,W",,,,,,,"0.80",",,W,2400","0.0",",,W,","0.0",",,W,","47","H,,S","52",",,W","36",",,W","  150",",,W","  140",",,W","36.0",",,W","48.1",",,W"
"USW00014764","PORTLAND JETPORT, ME US","43.64244","-70.30443","13.5","2023-11-28","10.51",",,W",,,,,,,"0.00",",,W,2400","0.0",",,W,","0.0",",,W,","35","H,,S","38",",,W","26",",,W","  260",",,W","  250",",,W","21.9",",,W","30.0",",,W"
"USW00014764","PORTLAND JETPORT, ME US","43.64244","-70.30443","13.5","2023-11-29","9.62",",,W",,,,,,,"0.00",",,W,2400","0.0",",,W,","0.0",",,W,","28","H,,S","33",",,W","23",",,W","  280",",,W","  270",",,W","21.0",",,W","25.9",",,W"
"USW00014764","PORTLAND JETPORT, ME US","43.64244","-70.30443","13.5","2023-11-30","6.71",",,W",,,,,,,"0.00",",,W,2400","0.0",",,W,","0.0",",,W,","32","H,,S","43",",,W","24",",,W","  230",",,W","  220",",,W","14.1",",,W","19.9",",,W"
"USW00014764","PORTLAND JETPORT, ME US","43.64244","-70.30443","13.5","2023-12-01","6.26",",,W",,,,,,,"0.08",",,W,2400","0.0",",,W,","0.0",",,W,","43","H,,S","56",",,W","33",",,W","  230",",,W","  230",",,W","14.1",",,W","18.1",",,W"
"USW00014764","PORTLAND JETPORT, ME US","43.64244","-70.30443","13.5","2023-12-02","3.13",",,W",,,,,,,"0.00",",,W,2400","0.0",",,W,","0.0",",,W,","44","H,,S","48",",,W","39",",,W","   40",",,W","  200",",,W","8.1",",,W","12.1",",,W"
"USW00014764","PORTLAND JETPORT, ME US","43.64244","-70.30443","13.5","2023-12-03","9.40",",,W",,,,,,,"0.50",",,W,2400","0.0","T,,W,","0.0",",,W,","38","H,,S","40",",,W","33",",,W","   20",",,W","   30",",,W","15.0",",,W","19.0",",,W"
"USW00014764","PORTLAND JETPORT, ME US","43.64244","-70.30443","13.5","2023-12-04","6.71",",,W",,,,,,,"0.25",",,W,2400","0.3",",,W,","0.0","T,,W,","33","H,,S","34",",,W","32",",,W","   30",",,W","   40",",,W","14.1",",,W","18.1",",,W"
"USW00014764","PORTLAND JETPORT, ME US","43.64244","-70.30443","13.5","2023-12-05","6.93",",,W",,,,,,,"0.00","T,,W,2400","0.2",",,W,","0.0","T,,W,","31","H,,S","32",",,W","25",",,W","   30",",,W","  360",",,W","13.0",",,W","17.0",",,W"
"USW00014764","PORTLAND JETPORT, ME US","43.64244","-70.30443","13.5","2023-12-06","7.38",",,W",,,,,,,"0.00",",,W,2400","0.0",",,W,","0.0",",,W,","24","H,,S","28",",,W","19",",,W","  350",",,W","  350",",,W","15.0",",,W","19.0",",,W"
"USW00014764","PORTLAND JETPORT, ME US","43.64244","-70.30443","13.5","2023-12-07","3.80",",,W",,,,,,,"0.00","T,,W,2400","0.0",",,W,","0.0",",,W,","20","H,,S","29",",,W","13",",,W","   30",",,W","  270",",,W","12.1",",,W","12.1",",,W"
"USW00014764","PORTLAND JETPORT, ME US","43.64244","-70.30443","13.5","2023-12-08","3.58",",,W",,,,,,,"0.00",",,W,2400","0.0",",,W,","0.0",",,W,","24","H,,S","38",",,W","14",",,W","  300",",,W","  300",",,W","8.9",",,W","11.0",",,W"
"USW00014764","PORTLAND JETPORT, ME US","43.64244","-70.30443","13.5","2023-12-09","2.24",",,W",,,,,,,"0.00",",,W,2400","0.0",",,W,","0.0",",,W,","32","H,,S","46",",,W","23",",,W","  160",",,W","  150",",,W","8.1",",,W","11.0",",,W"
"USW00014764","PORTLAND JETPORT, ME US","43.64244","-70.30443","13.5","2023-12-10","4.92",",,W",,,,,,,"0.48",",,W,2400","0.0",",,W,","0.0",",,W,","41","H,,S","53",",,W","36",",,W","  180",",,W","  160",",,W","18.1",",,W","27.1",",,W"
"USW00014764","PORTLAND JETPORT, ME US","43.64244","-70.30443","13.5","2023-12-11","10.07",",,W",,,,,,,"1.99",",,W,2400","0.0",",,W,","0.0",",,W,","45","H,,S","52",",,W","33",",,W","  360",",,W","  350",",,W","18.1",",,W","23.0",",,W"
"USW00014764","PORTLAND JETPORT, ME US","43.64244","-70.30443","13.5","2023-12-12","7.38",",,W",,,,,,,"0.00",",,W,2400","0.0",",,W,","0.0",",,W,","35","H,,S","40",",,W","27",",,W","  260",",,W","  260",",,W","15.0",",,W","21.0",",,W"
"USW00014764","PORTLAND JETPORT, ME US","43.64244","-70.30443","13.5","2023-12-13","10.07",",,W",,,,,,,"0.00",",,W,2400","0.0",",,W,","0.0",",,W,","35","H,,S","43",",,W","27",",,W","  350",",,W","  290",",,W","21.9",",,W","28.0",",,W"
"USW00014764","PORTLAND JETPORT, ME US","43.64244","-70.30443","13.5","2023-12-14","6.71",",,W",,,,,,,"0.00",",,W,2400","0.0",",,W,","0.0",",,W,","27","H,,S","34",",,W","18",",,W","  330",",,W","  310",",,W","16.1",",,W","21.0",",,W"
"USW00014764","PORTLAND JETPORT, ME US","43.64244","-70.30443","13.5","2023-12-15","4.70",",,W",,,,,,,"0.00",",,W,2400","0.0",",,W,","0.0",",,W,","35","H,,S","52",",,W","28",",,W","  280",",,W","  220",",,W","10.1",",,W","14.1",",,W"
"USW00014764","PORTLAND JETPORT, ME US","43.64244","-70.30443","13.5","2023-12-16","4.70",",,W",,,,,,,"0.00",",,W,2400","0.0",",,W,","0.0",",,W,","37","H,,S","49",",,W","25",",,W","  360",",,W","  340",",,W","15.0",",,W","19.9",",,W"
"USW00014764","PORTLAND JETPORT, ME US","43.64244","-70.30443","13.5","2023-12-17","5.82",",,W",,,,,,,"1.00",",,W,2400","0.0",",,W,","0.0",",,W,","36","H,,S","52",",,W","24",",,W","  150",",,W","  170",",,W","23.9",",,W","38.9",",,W"
"USW00014764","PORTLAND JETPORT, ME US","43.64244","-70.30443","13.5","2023-12-18","21.25",",,W",,,,,,,"1.32",",,W,2400","0.0",",,W,","0.0",",,W,","53","H,,S","59",",,W","46",",,W","  150",",,W","  160",",,W","40.0",",,W","59.1",",,W"
"USW00014764","PORTLAND JETPORT, ME US","43.64244","-70.30443","13.5","2023-12-19","7.61",",,W",,,,,,,"0.00",",,W,2400","0.0",",,W,","0.0",",,W,","45","H,,S","49",",,W","31",",,W","  310",",,W","  310",",,W","16.1",",,W","21.9",",,W"
"USW00014764","PORTLAND JETPORT, ME US","43.64244","-70.30443","13.5","2023-12-20","9.84",",,W",,,,,,,"0.00",",,W,2400","0.0",",,W,","0.0",",,W,","33","H,,S","41",",,W","26",",,W","  350",",,W","  360",",,W","21.0",",,W","28.0",",,W"
"USW00014764","PORTLAND JETPORT, ME US","43.64244","-70.30443","13.5","2023-12-21","13.87",",,W",,,,,,,"0.00",",,W,2400","0.0",",,W,","0.0",",,W,","30","H,,S","32",",,W","21",",,W","  350",",,W","  320",",,W","23.9",",,W","34.0",",,W"
"USW00014764","PORTLAND JETPORT, ME US","43.64244","-70.30443","13.5","2023-12-22","4.03",",,W",,,,,,,"0.00",",,W,2400","0.0",",,W,","0.0",",,W,","25","H,,S","35",",,W","16",",,W","  320",",,W","  320",",,W","13.0",",,W","15.0",",,W"
"USW00014764","PORTLAND JETPORT, ME US","43.64244","-70.30443","13.5","2023-12-23","3.80",",,W",,,,,,,"0.00","T,,W,2400","0.0",",,W,","0.0",",,W,","26","H,,S","38",",,W","17",",,W","  180",",,W","  190",",,W","13.0",",,W","17.0",",,W"
"USW00014764","PORTLAND JETPORT, ME US","43.64244","-70.30443","13.5","2023-12-24","2.68",",,W",,,,,,,"0.01",",,W,2400","0.0",",,W,","0.0",",,W,","37","H,,S","43",",,W","32",",,W","  220",",,W","  220",",,W","10.1",",,W","13.0",",,W"
"USW00014764","PORTLAND JETPORT, ME US","43.64244","-70.30443","13.5","2023-12-25","2.24",",,W",,,,,,,"0.00","T,,W,2400","0.0",",,W,","0.0",",,W,","40","H,,S","49",",,W","34",",,W","  150",",,W","  150",",,W","8.1",",,W","8.9",",,W"
"USW00014764","PORTLAND JETPORT, ME US","43.64244","-70.30443","13.5","2023-12-26","1.57",",,W",,,,,,,"0.00",",,W,2400","0.0",",,W,","0.0",",,W,","37","H,,S","47",",,W","30",",,W","   90",",,W","   90",",,W","8.9",",,W","11.0",",,W"
"USW00014764","PORTLAND JETPORT, ME US","43.64244","-70.30443","13.5","2023-12-27","2.46",",,W",,,,,,,"0.02",",,W,2400","0.0",",,W,","0.0",",,W,","40","H,,S","44",",,W","38",",,W","  360",",,W","  360",",,W","8.1",",,W","10.1",",,W"
"USW00014764","PORTLAND JETPORT, ME US","43.64244","-70.30443","13.5","2023-12-28","8.28",",,W",,,,,,,"0.70",",,W,2400","0.0",",,W,","0.0",",,W,","40","H,,S","40",",,W","37",",,W","   10",",,W","   30",",,W","15.0",",,W","21.0",",,W"
"USW00014764","PORTLAND JETPORT, ME US","43.64244","-70.30443","13.5","2023-12-29","5.59",",,W",,,,,,,"0.09",",,W,2400","0.0",",,W,","0.0",",,W,","37","H,,S","38",",,W","35",",,W","  360",",,W","  360",",,W","15.0",",,W","19.0",",,W"
"USW00014764","PORTLAND JETPORT, ME US","43.64244","-70.30443","13.5","2023-12-30","7.61",",,W",,,,,,,"0.23",",,W,2400","0.0","T,,W,","0.0",",,W,","37","H,,S","39",",,W","33",",,W","  310",",,W","  310",",,W","13.0",",,W","18.1",",,W"
"USW00014764","PORTLAND JETPORT, ME US","43.64244","-70.30443","13.5","2023-12-31","6.49",",,W",,,,,,,"0.00",",,W,2400","0.0",",,W,","0.0",",,W,","32","H,,S","34",",,W","26",",,W","  320",",,W","  320",",,W","13.0",",,W","15.0",",,W"
